year,unit,gas,latitude,longitude,draw,value
154.0,ppb,ch4,-66.73333333333333,112.83333333333331,median,638.0726534582152
155.0,ppb,ch4,-66.73333333333333,112.83333333333331,median,637.9270980027832
156.0,ppb,ch4,-66.73333333333333,112.83333333333331,median,637.8442779082656
157.0,ppb,ch4,-66.73333333333333,112.83333333333331,median,637.6476499987391
158.0,ppb,ch4,-66.73333333333333,112.83333333333331,median,637.5731029760534
159.0,ppb,ch4,-66.73333333333333,112.83333333333331,median,637.5048242310137
160.0,ppb,ch4,-66.73333333333333,112.83333333333331,median,637.42522159489
161.0,ppb,ch4,-66.73333333333333,112.83333333333331,median,637.3169452569605
162.0,ppb,ch4,-66.73333333333333,112.83333333333331,median,637.1206046334446
163.0,ppb,ch4,-66.73333333333333,112.83333333333331,median,637.0315411497843
164.0,ppb,ch4,-66.73333333333333,112.83333333333331,median,636.8087932963638
165.0,ppb,ch4,-66.73333333333333,112.83333333333331,median,636.6819222545064
166.0,ppb,ch4,-66.73333333333333,112.83333333333331,median,636.5905162092229
167.0,ppb,ch4,-66.73333333333333,112.83333333333331,median,636.4511162613142
168.0,ppb,ch4,-66.73333333333333,112.83333333333331,median,636.3967679751122
169.0,ppb,ch4,-66.73333333333333,112.83333333333331,median,636.3396783926644
170.0,ppb,ch4,-66.73333333333333,112.83333333333331,median,636.1737304009858
171.0,ppb,ch4,-66.73333333333333,112.83333333333331,median,636.0685982905396
172.0,ppb,ch4,-66.73333333333333,112.83333333333331,median,635.9809968612154
173.0,ppb,ch4,-66.73333333333333,112.83333333333331,median,635.9581908845942
174.0,ppb,ch4,-66.73333333333333,112.83333333333331,median,635.9710157600357
175.0,ppb,ch4,-66.73333333333333,112.83333333333331,median,635.9025446819555
176.0,ppb,ch4,-66.73333333333333,112.83333333333331,median,635.8494286275578
177.0,ppb,ch4,-66.73333333333333,112.83333333333331,median,635.8738939832774
178.0,ppb,ch4,-66.73333333333333,112.83333333333331,median,635.907610914679
179.0,ppb,ch4,-66.73333333333333,112.83333333333331,median,635.9275136971762
180.0,ppb,ch4,-66.73333333333333,112.83333333333331,median,635.972801216555
181.0,ppb,ch4,-66.73333333333333,112.83333333333331,median,636.0268373289302
182.0,ppb,ch4,-66.73333333333333,112.83333333333331,median,636.0905567774191
183.0,ppb,ch4,-66.73333333333333,112.83333333333331,median,636.1530704737163
184.0,ppb,ch4,-66.73333333333333,112.83333333333331,median,636.2399938070274
185.0,ppb,ch4,-66.73333333333333,112.83333333333331,median,636.3117384280101
186.0,ppb,ch4,-66.73333333333333,112.83333333333331,median,636.4012087594903
187.0,ppb,ch4,-66.73333333333333,112.83333333333331,median,636.4650126938819
188.0,ppb,ch4,-66.73333333333333,112.83333333333331,median,636.511521926041
189.0,ppb,ch4,-66.73333333333333,112.83333333333331,median,636.6308013796627
190.0,ppb,ch4,-66.73333333333333,112.83333333333331,median,636.7460916256155
191.0,ppb,ch4,-66.73333333333333,112.83333333333331,median,636.8643615584983
192.0,ppb,ch4,-66.73333333333333,112.83333333333331,median,636.9352655257286
193.0,ppb,ch4,-66.73333333333333,112.83333333333331,median,637.0457603898758
194.0,ppb,ch4,-66.73333333333333,112.83333333333331,median,637.1611511790402
195.0,ppb,ch4,-66.73333333333333,112.83333333333331,median,637.4022277493814
196.0,ppb,ch4,-66.73333333333333,112.83333333333331,median,637.5398517335309
197.0,ppb,ch4,-66.73333333333333,112.83333333333331,median,637.702897987587
198.0,ppb,ch4,-66.73333333333333,112.83333333333331,median,637.8405142715501
199.0,ppb,ch4,-66.73333333333333,112.83333333333331,median,638.0606232994883
200.0,ppb,ch4,-66.73333333333333,112.83333333333331,median,638.2502043801319
201.0,ppb,ch4,-66.73333333333333,112.83333333333331,median,638.4652608485276
202.0,ppb,ch4,-66.73333333333333,112.83333333333331,median,638.6209542098939
203.0,ppb,ch4,-66.73333333333333,112.83333333333331,median,638.733848878241
204.0,ppb,ch4,-66.73333333333333,112.83333333333331,median,638.9528679198702
205.0,ppb,ch4,-66.73333333333333,112.83333333333331,median,639.1487956791224
206.0,ppb,ch4,-66.73333333333333,112.83333333333331,median,639.3247315862955
207.0,ppb,ch4,-66.73333333333333,112.83333333333331,median,639.5513531169374
208.0,ppb,ch4,-66.73333333333333,112.83333333333331,median,639.7523683606388
209.0,ppb,ch4,-66.73333333333333,112.83333333333331,median,639.9662280310479
210.0,ppb,ch4,-66.73333333333333,112.83333333333331,median,640.1871213047992
211.0,ppb,ch4,-66.73333333333333,112.83333333333331,median,640.3738845031828
212.0,ppb,ch4,-66.73333333333333,112.83333333333331,median,640.5648357868129
213.0,ppb,ch4,-66.73333333333333,112.83333333333331,median,640.7737510023851
214.0,ppb,ch4,-66.73333333333333,112.83333333333331,median,641.01265138904
215.0,ppb,ch4,-66.73333333333333,112.83333333333331,median,641.2361805537751
216.0,ppb,ch4,-66.73333333333333,112.83333333333331,median,641.4451647788037
217.0,ppb,ch4,-66.73333333333333,112.83333333333331,median,641.6629160684092
218.0,ppb,ch4,-66.73333333333333,112.83333333333331,median,641.8893471999236
219.0,ppb,ch4,-66.73333333333333,112.83333333333331,median,642.1005644286769
220.0,ppb,ch4,-66.73333333333333,112.83333333333331,median,642.320124135983
221.0,ppb,ch4,-66.73333333333333,112.83333333333331,median,642.470493863111
222.0,ppb,ch4,-66.73333333333333,112.83333333333331,median,642.6313164908181
223.0,ppb,ch4,-66.73333333333333,112.83333333333331,median,642.9076005093523
224.0,ppb,ch4,-66.73333333333333,112.83333333333331,median,643.0220616711414
225.0,ppb,ch4,-66.73333333333333,112.83333333333331,median,643.3324096355593
226.0,ppb,ch4,-66.73333333333333,112.83333333333331,median,643.5585059266722
227.0,ppb,ch4,-66.73333333333333,112.83333333333331,median,643.6804775409594
228.0,ppb,ch4,-66.73333333333333,112.83333333333331,median,643.8873527566236
229.0,ppb,ch4,-66.73333333333333,112.83333333333331,median,644.0970109563
230.0,ppb,ch4,-66.73333333333333,112.83333333333331,median,644.4092133941526
231.0,ppb,ch4,-66.73333333333333,112.83333333333331,median,644.5882563479845
232.0,ppb,ch4,-66.73333333333333,112.83333333333331,median,644.7711720046568
233.0,ppb,ch4,-66.73333333333333,112.83333333333331,median,644.9212958547582
234.0,ppb,ch4,-66.73333333333333,112.83333333333331,median,645.0856999683433
235.0,ppb,ch4,-66.73333333333333,112.83333333333331,median,645.1959762356416
236.0,ppb,ch4,-66.73333333333333,112.83333333333331,median,645.3789638103974
237.0,ppb,ch4,-66.73333333333333,112.83333333333331,median,645.5423630953668
238.0,ppb,ch4,-66.73333333333333,112.83333333333331,median,645.7679121512647
239.0,ppb,ch4,-66.73333333333333,112.83333333333331,median,645.9393903768249
240.0,ppb,ch4,-66.73333333333333,112.83333333333331,median,646.0941784456131
241.0,ppb,ch4,-66.73333333333333,112.83333333333331,median,646.2513695822543
242.0,ppb,ch4,-66.73333333333333,112.83333333333331,median,646.3199500670819
243.0,ppb,ch4,-66.73333333333333,112.83333333333331,median,646.4283052264482
244.0,ppb,ch4,-66.73333333333333,112.83333333333331,median,646.5321471787488
245.0,ppb,ch4,-66.73333333333333,112.83333333333331,median,646.7004826613493
246.0,ppb,ch4,-66.73333333333333,112.83333333333331,median,646.7815875361318
247.0,ppb,ch4,-66.73333333333333,112.83333333333331,median,646.8825986642139
248.0,ppb,ch4,-66.73333333333333,112.83333333333331,median,646.9145996887803
249.0,ppb,ch4,-66.73333333333333,112.83333333333331,median,647.0104148221711
250.0,ppb,ch4,-66.73333333333333,112.83333333333331,median,647.064471520213
251.0,ppb,ch4,-66.73333333333333,112.83333333333331,median,647.1043906450923
252.0,ppb,ch4,-66.73333333333333,112.83333333333331,median,647.1302239080563
253.0,ppb,ch4,-66.73333333333333,112.83333333333331,median,647.2067252955085
254.0,ppb,ch4,-66.73333333333333,112.83333333333331,median,647.2929450853491
255.0,ppb,ch4,-66.73333333333333,112.83333333333331,median,647.3845103770615
256.0,ppb,ch4,-66.73333333333333,112.83333333333331,median,647.4783140280244
257.0,ppb,ch4,-66.73333333333333,112.83333333333331,median,647.4802388628224
258.0,ppb,ch4,-66.73333333333333,112.83333333333331,median,647.5043240553993
259.0,ppb,ch4,-66.73333333333333,112.83333333333331,median,647.5328990222281
260.0,ppb,ch4,-66.73333333333333,112.83333333333331,median,647.5698871377924
261.0,ppb,ch4,-66.73333333333333,112.83333333333331,median,647.5381188461599
262.0,ppb,ch4,-66.73333333333333,112.83333333333331,median,647.5572152674373
263.0,ppb,ch4,-66.73333333333333,112.83333333333331,median,647.5693346687199
264.0,ppb,ch4,-66.73333333333333,112.83333333333331,median,647.6224846441006
265.0,ppb,ch4,-66.73333333333333,112.83333333333331,median,647.624483337996
266.0,ppb,ch4,-66.73333333333333,112.83333333333331,median,647.6666617432634
267.0,ppb,ch4,-66.73333333333333,112.83333333333331,median,647.6856818917718
268.0,ppb,ch4,-66.73333333333333,112.83333333333331,median,647.7735686284296
269.0,ppb,ch4,-66.73333333333333,112.83333333333331,median,647.7806133956117
270.0,ppb,ch4,-66.73333333333333,112.83333333333331,median,647.7952855193461
271.0,ppb,ch4,-66.73333333333333,112.83333333333331,median,647.7810670658666
272.0,ppb,ch4,-66.73333333333333,112.83333333333331,median,647.8173041974502
273.0,ppb,ch4,-66.73333333333333,112.83333333333331,median,647.8737269538638
274.0,ppb,ch4,-66.73333333333333,112.83333333333331,median,647.887003326399
275.0,ppb,ch4,-66.73333333333333,112.83333333333331,median,647.9015080253008
276.0,ppb,ch4,-66.73333333333333,112.83333333333331,median,647.9215244963628
277.0,ppb,ch4,-66.73333333333333,112.83333333333331,median,648.0000438105692
278.0,ppb,ch4,-66.73333333333333,112.83333333333331,median,648.0422759997011
279.0,ppb,ch4,-66.73333333333333,112.83333333333331,median,648.0355912527259
280.0,ppb,ch4,-66.73333333333333,112.83333333333331,median,648.1795143567214
281.0,ppb,ch4,-66.73333333333333,112.83333333333331,median,648.1736042586624
282.0,ppb,ch4,-66.73333333333333,112.83333333333331,median,648.1867695357842
283.0,ppb,ch4,-66.73333333333333,112.83333333333331,median,648.2356966385266
284.0,ppb,ch4,-66.73333333333333,112.83333333333331,median,648.2011376781188
285.0,ppb,ch4,-66.73333333333333,112.83333333333331,median,648.1761258925236
286.0,ppb,ch4,-66.73333333333333,112.83333333333331,median,648.1348362019546
287.0,ppb,ch4,-66.73333333333333,112.83333333333331,median,648.0767758822304
288.0,ppb,ch4,-66.73333333333333,112.83333333333331,median,648.0743326142442
289.0,ppb,ch4,-66.73333333333333,112.83333333333331,median,648.0602466101489
290.0,ppb,ch4,-66.73333333333333,112.83333333333331,median,648.0108237676013
291.0,ppb,ch4,-66.73333333333333,112.83333333333331,median,647.8836195799724
292.0,ppb,ch4,-66.73333333333333,112.83333333333331,median,647.8709126774884
293.0,ppb,ch4,-66.73333333333333,112.83333333333331,median,647.8027626982284
294.0,ppb,ch4,-66.73333333333333,112.83333333333331,median,647.7698353163933
295.0,ppb,ch4,-66.73333333333333,112.83333333333331,median,647.8075617712499
296.0,ppb,ch4,-66.73333333333333,112.83333333333331,median,647.7165831371306
297.0,ppb,ch4,-66.73333333333333,112.83333333333331,median,647.6447373904487
298.0,ppb,ch4,-66.73333333333333,112.83333333333331,median,647.528178066972
299.0,ppb,ch4,-66.73333333333333,112.83333333333331,median,647.454475903084
300.0,ppb,ch4,-66.73333333333333,112.83333333333331,median,647.3428436558181
301.0,ppb,ch4,-66.73333333333333,112.83333333333331,median,647.2529289157881
302.0,ppb,ch4,-66.73333333333333,112.83333333333331,median,647.0298668199929
303.0,ppb,ch4,-66.73333333333333,112.83333333333331,median,646.8519651814881
304.0,ppb,ch4,-66.73333333333333,112.83333333333331,median,646.7575240738855
305.0,ppb,ch4,-66.73333333333333,112.83333333333331,median,646.5797164555452
306.0,ppb,ch4,-66.73333333333333,112.83333333333331,median,646.4801414022912
307.0,ppb,ch4,-66.73333333333333,112.83333333333331,median,646.3382180319761
308.0,ppb,ch4,-66.73333333333333,112.83333333333331,median,646.2014543866696
309.0,ppb,ch4,-66.73333333333333,112.83333333333331,median,646.0693002282567
310.0,ppb,ch4,-66.73333333333333,112.83333333333331,median,645.9169772934373
311.0,ppb,ch4,-66.73333333333333,112.83333333333331,median,645.784329072729
312.0,ppb,ch4,-66.73333333333333,112.83333333333331,median,645.6430860044588
313.0,ppb,ch4,-66.73333333333333,112.83333333333331,median,645.4762268219479
314.0,ppb,ch4,-66.73333333333333,112.83333333333331,median,645.3308145450071
315.0,ppb,ch4,-66.73333333333333,112.83333333333331,median,645.1219952235026
316.0,ppb,ch4,-66.73333333333333,112.83333333333331,median,644.9599361976541
317.0,ppb,ch4,-66.73333333333333,112.83333333333331,median,644.7956916139858
318.0,ppb,ch4,-66.73333333333333,112.83333333333331,median,644.6140563773679
319.0,ppb,ch4,-66.73333333333333,112.83333333333331,median,644.450932506859
320.0,ppb,ch4,-66.73333333333333,112.83333333333331,median,644.3050835234994
321.0,ppb,ch4,-66.73333333333333,112.83333333333331,median,644.1344318370088
322.0,ppb,ch4,-66.73333333333333,112.83333333333331,median,644.0058008721699
323.0,ppb,ch4,-66.73333333333333,112.83333333333331,median,643.9270342769358
324.0,ppb,ch4,-66.73333333333333,112.83333333333331,median,643.8403624594184
325.0,ppb,ch4,-66.73333333333333,112.83333333333331,median,643.7230960006082
326.0,ppb,ch4,-66.73333333333333,112.83333333333331,median,643.630374316499
327.0,ppb,ch4,-66.73333333333333,112.83333333333331,median,643.5493484053662
328.0,ppb,ch4,-66.73333333333333,112.83333333333331,median,643.4163731271819
329.0,ppb,ch4,-66.73333333333333,112.83333333333331,median,643.28727004792
330.0,ppb,ch4,-66.73333333333333,112.83333333333331,median,643.1320252998717
331.0,ppb,ch4,-66.73333333333333,112.83333333333331,median,643.1192763887358
332.0,ppb,ch4,-66.73333333333333,112.83333333333331,median,642.9809527461465
333.0,ppb,ch4,-66.73333333333333,112.83333333333331,median,642.8296472683819
334.0,ppb,ch4,-66.73333333333333,112.83333333333331,median,642.6992485459723
335.0,ppb,ch4,-66.73333333333333,112.83333333333331,median,642.6723909351681
336.0,ppb,ch4,-66.73333333333333,112.83333333333331,median,642.5901123050623
337.0,ppb,ch4,-66.73333333333333,112.83333333333331,median,642.5946948116982
338.0,ppb,ch4,-66.73333333333333,112.83333333333331,median,642.4658755540426
339.0,ppb,ch4,-66.73333333333333,112.83333333333331,median,642.3066686080474
340.0,ppb,ch4,-66.73333333333333,112.83333333333331,median,642.1702094679001
341.0,ppb,ch4,-66.73333333333333,112.83333333333331,median,642.0789583112786
342.0,ppb,ch4,-66.73333333333333,112.83333333333331,median,641.8985562582187
343.0,ppb,ch4,-66.73333333333333,112.83333333333331,median,641.7244969262476
344.0,ppb,ch4,-66.73333333333333,112.83333333333331,median,641.5435215272959
345.0,ppb,ch4,-66.73333333333333,112.83333333333331,median,641.3332556524745
346.0,ppb,ch4,-66.73333333333333,112.83333333333331,median,641.2899314576048
347.0,ppb,ch4,-66.73333333333333,112.83333333333331,median,641.1548934949344
348.0,ppb,ch4,-66.73333333333333,112.83333333333331,median,641.0273262352162
349.0,ppb,ch4,-66.73333333333333,112.83333333333331,median,640.840590143255
350.0,ppb,ch4,-66.73333333333333,112.83333333333331,median,640.6785412242475
351.0,ppb,ch4,-66.73333333333333,112.83333333333331,median,640.5393353031986
352.0,ppb,ch4,-66.73333333333333,112.83333333333331,median,640.4769769113581
353.0,ppb,ch4,-66.73333333333333,112.83333333333331,median,640.3127355919221
354.0,ppb,ch4,-66.73333333333333,112.83333333333331,median,640.2102744663222
355.0,ppb,ch4,-66.73333333333333,112.83333333333331,median,640.018965277462
356.0,ppb,ch4,-66.73333333333333,112.83333333333331,median,639.7168236162832
357.0,ppb,ch4,-66.73333333333333,112.83333333333331,median,639.4972470284926
358.0,ppb,ch4,-66.73333333333333,112.83333333333331,median,639.3832735971964
359.0,ppb,ch4,-66.73333333333333,112.83333333333331,median,639.2746419333403
360.0,ppb,ch4,-66.73333333333333,112.83333333333331,median,639.1021165856798
361.0,ppb,ch4,-66.73333333333333,112.83333333333331,median,638.9194690481356
362.0,ppb,ch4,-66.73333333333333,112.83333333333331,median,638.7716973444194
363.0,ppb,ch4,-66.73333333333333,112.83333333333331,median,638.5485440483417
364.0,ppb,ch4,-66.73333333333333,112.83333333333331,median,638.3962918208424
365.0,ppb,ch4,-66.73333333333333,112.83333333333331,median,638.1803833366483
366.0,ppb,ch4,-66.73333333333333,112.83333333333331,median,638.0450246891473
367.0,ppb,ch4,-66.73333333333333,112.83333333333331,median,637.6899931493654
368.0,ppb,ch4,-66.73333333333333,112.83333333333331,median,637.5149246600334
369.0,ppb,ch4,-66.73333333333333,112.83333333333331,median,637.2095624746771
370.0,ppb,ch4,-66.73333333333333,112.83333333333331,median,636.962696862787
371.0,ppb,ch4,-66.73333333333333,112.83333333333331,median,636.6530778443614
372.0,ppb,ch4,-66.73333333333333,112.83333333333331,median,636.4310362289921
373.0,ppb,ch4,-66.73333333333333,112.83333333333331,median,636.2948914185706
374.0,ppb,ch4,-66.73333333333333,112.83333333333331,median,635.969157676978
375.0,ppb,ch4,-66.73333333333333,112.83333333333331,median,635.8900748781111
376.0,ppb,ch4,-66.73333333333333,112.83333333333331,median,635.4944161105964
377.0,ppb,ch4,-66.73333333333333,112.83333333333331,median,635.2206158676793
378.0,ppb,ch4,-66.73333333333333,112.83333333333331,median,634.991542888723
379.0,ppb,ch4,-66.73333333333333,112.83333333333331,median,634.7763122958949
380.0,ppb,ch4,-66.73333333333333,112.83333333333331,median,634.5619604829997
381.0,ppb,ch4,-66.73333333333333,112.83333333333331,median,634.37679151207
382.0,ppb,ch4,-66.73333333333333,112.83333333333331,median,634.2297571685388
383.0,ppb,ch4,-66.73333333333333,112.83333333333331,median,634.0253709196342
384.0,ppb,ch4,-66.73333333333333,112.83333333333331,median,633.8845916434061
385.0,ppb,ch4,-66.73333333333333,112.83333333333331,median,633.6957877557027
386.0,ppb,ch4,-66.73333333333333,112.83333333333331,median,633.5505631872476
387.0,ppb,ch4,-66.73333333333333,112.83333333333331,median,633.3492393151365
388.0,ppb,ch4,-66.73333333333333,112.83333333333331,median,633.1960981816616
389.0,ppb,ch4,-66.73333333333333,112.83333333333331,median,633.0169361655257
390.0,ppb,ch4,-66.73333333333333,112.83333333333331,median,632.8915471004946
391.0,ppb,ch4,-66.73333333333333,112.83333333333331,median,632.749266080154
392.0,ppb,ch4,-66.73333333333333,112.83333333333331,median,632.58861570135
393.0,ppb,ch4,-66.73333333333333,112.83333333333331,median,632.4753076150748
394.0,ppb,ch4,-66.73333333333333,112.83333333333331,median,632.3583616720409
395.0,ppb,ch4,-66.73333333333333,112.83333333333331,median,632.2615921422264
396.0,ppb,ch4,-66.73333333333333,112.83333333333331,median,632.1506066434747
397.0,ppb,ch4,-66.73333333333333,112.83333333333331,median,632.0424896341781
398.0,ppb,ch4,-66.73333333333333,112.83333333333331,median,631.9664317726263
399.0,ppb,ch4,-66.73333333333333,112.83333333333331,median,631.8286384777412
400.0,ppb,ch4,-66.73333333333333,112.83333333333331,median,631.7476051616155
401.0,ppb,ch4,-66.73333333333333,112.83333333333331,median,631.6277983019884
402.0,ppb,ch4,-66.73333333333333,112.83333333333331,median,631.5477382273963
403.0,ppb,ch4,-66.73333333333333,112.83333333333331,median,631.4194867347829
404.0,ppb,ch4,-66.73333333333333,112.83333333333331,median,631.3371606547903
405.0,ppb,ch4,-66.73333333333333,112.83333333333331,median,631.2447178302223
406.0,ppb,ch4,-66.73333333333333,112.83333333333331,median,631.1763021940449
407.0,ppb,ch4,-66.73333333333333,112.83333333333331,median,631.0864363270271
408.0,ppb,ch4,-66.73333333333333,112.83333333333331,median,630.9616365850072
409.0,ppb,ch4,-66.73333333333333,112.83333333333331,median,630.8612558990785
410.0,ppb,ch4,-66.73333333333333,112.83333333333331,median,630.7581413067844
411.0,ppb,ch4,-66.73333333333333,112.83333333333331,median,630.6818663396336
412.0,ppb,ch4,-66.73333333333333,112.83333333333331,median,630.5960138143275
413.0,ppb,ch4,-66.73333333333333,112.83333333333331,median,630.534335669652
414.0,ppb,ch4,-66.73333333333333,112.83333333333331,median,630.4729542732034
415.0,ppb,ch4,-66.73333333333333,112.83333333333331,median,630.3968317157764
416.0,ppb,ch4,-66.73333333333333,112.83333333333331,median,630.3156071730965
417.0,ppb,ch4,-66.73333333333333,112.83333333333331,median,630.2364149881871
418.0,ppb,ch4,-66.73333333333333,112.83333333333331,median,630.1235930958842
419.0,ppb,ch4,-66.73333333333333,112.83333333333331,median,630.0759465537672
420.0,ppb,ch4,-66.73333333333333,112.83333333333331,median,630.0655807845978
421.0,ppb,ch4,-66.73333333333333,112.83333333333331,median,630.0650300608615
422.0,ppb,ch4,-66.73333333333333,112.83333333333331,median,630.052476518754
423.0,ppb,ch4,-66.73333333333333,112.83333333333331,median,630.0303769356647
424.0,ppb,ch4,-66.73333333333333,112.83333333333331,median,630.0328718033096
425.0,ppb,ch4,-66.73333333333333,112.83333333333331,median,630.0575771329561
426.0,ppb,ch4,-66.73333333333333,112.83333333333331,median,630.1090332351403
427.0,ppb,ch4,-66.73333333333333,112.83333333333331,median,630.1554335582116
428.0,ppb,ch4,-66.73333333333333,112.83333333333331,median,630.1399694759809
429.0,ppb,ch4,-66.73333333333333,112.83333333333331,median,630.1044750868931
430.0,ppb,ch4,-66.73333333333333,112.83333333333331,median,630.0810785917765
431.0,ppb,ch4,-66.73333333333333,112.83333333333331,median,630.1205802795077
432.0,ppb,ch4,-66.73333333333333,112.83333333333331,median,630.1718211787522
433.0,ppb,ch4,-66.73333333333333,112.83333333333331,median,630.2210271105849
434.0,ppb,ch4,-66.73333333333333,112.83333333333331,median,630.289321294222
435.0,ppb,ch4,-66.73333333333333,112.83333333333331,median,630.3580515741887
436.0,ppb,ch4,-66.73333333333333,112.83333333333331,median,630.4115285901373
437.0,ppb,ch4,-66.73333333333333,112.83333333333331,median,630.4942313634022
438.0,ppb,ch4,-66.73333333333333,112.83333333333331,median,630.5858570220071
439.0,ppb,ch4,-66.73333333333333,112.83333333333331,median,630.6643189178086
440.0,ppb,ch4,-66.73333333333333,112.83333333333331,median,630.7396335193991
441.0,ppb,ch4,-66.73333333333333,112.83333333333331,median,630.9978565751269
442.0,ppb,ch4,-66.73333333333333,112.83333333333331,median,631.2449293879305
443.0,ppb,ch4,-66.73333333333333,112.83333333333331,median,631.3200902130413
444.0,ppb,ch4,-66.73333333333333,112.83333333333331,median,631.5749202713056
445.0,ppb,ch4,-66.73333333333333,112.83333333333331,median,631.6715261071972
446.0,ppb,ch4,-66.73333333333333,112.83333333333331,median,631.8803592012623
447.0,ppb,ch4,-66.73333333333333,112.83333333333331,median,631.9741826555401
448.0,ppb,ch4,-66.73333333333333,112.83333333333331,median,632.134655079602
449.0,ppb,ch4,-66.73333333333333,112.83333333333331,median,632.5093583135092
450.0,ppb,ch4,-66.73333333333333,112.83333333333331,median,632.7941597791288
451.0,ppb,ch4,-66.73333333333333,112.83333333333331,median,632.9235092986769
452.0,ppb,ch4,-66.73333333333333,112.83333333333331,median,633.0624397693286
453.0,ppb,ch4,-66.73333333333333,112.83333333333331,median,633.2228585665907
454.0,ppb,ch4,-66.73333333333333,112.83333333333331,median,633.4119750968296
455.0,ppb,ch4,-66.73333333333333,112.83333333333331,median,633.6272087035525
456.0,ppb,ch4,-66.73333333333333,112.83333333333331,median,633.8587184750377
457.0,ppb,ch4,-66.73333333333333,112.83333333333331,median,634.1027010704947
458.0,ppb,ch4,-66.73333333333333,112.83333333333331,median,634.3058812719486
459.0,ppb,ch4,-66.73333333333333,112.83333333333331,median,634.597706332253
460.0,ppb,ch4,-66.73333333333333,112.83333333333331,median,634.7676726848085
461.0,ppb,ch4,-66.73333333333333,112.83333333333331,median,634.8680495587121
462.0,ppb,ch4,-66.73333333333333,112.83333333333331,median,635.0115447396759
463.0,ppb,ch4,-66.73333333333333,112.83333333333331,median,635.2922099990956
464.0,ppb,ch4,-66.73333333333333,112.83333333333331,median,635.5414408343042
465.0,ppb,ch4,-66.73333333333333,112.83333333333331,median,635.7638889226936
466.0,ppb,ch4,-66.73333333333333,112.83333333333331,median,635.9628421598954
467.0,ppb,ch4,-66.73333333333333,112.83333333333331,median,636.2615009623246
468.0,ppb,ch4,-66.73333333333333,112.83333333333331,median,636.6485115291425
469.0,ppb,ch4,-66.73333333333333,112.83333333333331,median,636.8426479623292
470.0,ppb,ch4,-66.73333333333333,112.83333333333331,median,637.0817821573779
471.0,ppb,ch4,-66.73333333333333,112.83333333333331,median,637.3059221610545
472.0,ppb,ch4,-66.73333333333333,112.83333333333331,median,637.5384051833655
473.0,ppb,ch4,-66.73333333333333,112.83333333333331,median,637.709610904228
474.0,ppb,ch4,-66.73333333333333,112.83333333333331,median,638.109523624536
475.0,ppb,ch4,-66.73333333333333,112.83333333333331,median,638.2575056719762
476.0,ppb,ch4,-66.73333333333333,112.83333333333331,median,638.5156520753196
477.0,ppb,ch4,-66.73333333333333,112.83333333333331,median,638.9401454343454
478.0,ppb,ch4,-66.73333333333333,112.83333333333331,median,639.1630872293608
479.0,ppb,ch4,-66.73333333333333,112.83333333333331,median,639.4836704263411
480.0,ppb,ch4,-66.73333333333333,112.83333333333331,median,639.7792360767207
481.0,ppb,ch4,-66.73333333333333,112.83333333333331,median,640.0549047169394
482.0,ppb,ch4,-66.73333333333333,112.83333333333331,median,640.2059930298778
483.0,ppb,ch4,-66.73333333333333,112.83333333333331,median,640.5050005558545
484.0,ppb,ch4,-66.73333333333333,112.83333333333331,median,641.0631157144186
485.0,ppb,ch4,-66.73333333333333,112.83333333333331,median,641.3184349236267
486.0,ppb,ch4,-66.73333333333333,112.83333333333331,median,641.4821457327489
487.0,ppb,ch4,-66.73333333333333,112.83333333333331,median,641.8421389070572
488.0,ppb,ch4,-66.73333333333333,112.83333333333331,median,642.1679907722253
489.0,ppb,ch4,-66.73333333333333,112.83333333333331,median,642.3988947291944
490.0,ppb,ch4,-66.73333333333333,112.83333333333331,median,642.7036899115955
491.0,ppb,ch4,-66.73333333333333,112.83333333333331,median,643.0169886358391
492.0,ppb,ch4,-66.73333333333333,112.83333333333331,median,643.2296596602278
493.0,ppb,ch4,-66.73333333333333,112.83333333333331,median,643.4208262506961
494.0,ppb,ch4,-66.73333333333333,112.83333333333331,median,643.7611503306186
495.0,ppb,ch4,-66.73333333333333,112.83333333333331,median,644.056801027236
496.0,ppb,ch4,-66.73333333333333,112.83333333333331,median,644.3465431328669
497.0,ppb,ch4,-66.73333333333333,112.83333333333331,median,644.6098824348359
498.0,ppb,ch4,-66.73333333333333,112.83333333333331,median,644.741670227219
499.0,ppb,ch4,-66.73333333333333,112.83333333333331,median,645.0752017879153
500.0,ppb,ch4,-66.73333333333333,112.83333333333331,median,645.3627093347152
501.0,ppb,ch4,-66.73333333333333,112.83333333333331,median,645.6575589444624
502.0,ppb,ch4,-66.73333333333333,112.83333333333331,median,645.893277508996
503.0,ppb,ch4,-66.73333333333333,112.83333333333331,median,646.1175388479652
504.0,ppb,ch4,-66.73333333333333,112.83333333333331,median,646.4158358205873
505.0,ppb,ch4,-66.73333333333333,112.83333333333331,median,646.664415589284
506.0,ppb,ch4,-66.73333333333333,112.83333333333331,median,647.0866855957654
507.0,ppb,ch4,-66.73333333333333,112.83333333333331,median,647.4272823946023
508.0,ppb,ch4,-66.73333333333333,112.83333333333331,median,647.7868274630214
509.0,ppb,ch4,-66.73333333333333,112.83333333333331,median,648.0139343436052
510.0,ppb,ch4,-66.73333333333333,112.83333333333331,median,648.3264321840422
511.0,ppb,ch4,-66.73333333333333,112.83333333333331,median,648.821815921832
512.0,ppb,ch4,-66.73333333333333,112.83333333333331,median,649.3305626260743
513.0,ppb,ch4,-66.73333333333333,112.83333333333331,median,649.522641164514
514.0,ppb,ch4,-66.73333333333333,112.83333333333331,median,649.9096588832525
515.0,ppb,ch4,-66.73333333333333,112.83333333333331,median,650.2854153131452
516.0,ppb,ch4,-66.73333333333333,112.83333333333331,median,650.6930293993606
517.0,ppb,ch4,-66.73333333333333,112.83333333333331,median,651.0700973388517
518.0,ppb,ch4,-66.73333333333333,112.83333333333331,median,651.3406378437862
519.0,ppb,ch4,-66.73333333333333,112.83333333333331,median,651.7362500131127
520.0,ppb,ch4,-66.73333333333333,112.83333333333331,median,652.1252525475957
521.0,ppb,ch4,-66.73333333333333,112.83333333333331,median,652.4490918619526
522.0,ppb,ch4,-66.73333333333333,112.83333333333331,median,652.9064538115196
523.0,ppb,ch4,-66.73333333333333,112.83333333333331,median,653.2131676067809
524.0,ppb,ch4,-66.73333333333333,112.83333333333331,median,653.6600099821314
525.0,ppb,ch4,-66.73333333333333,112.83333333333331,median,653.9643646051654
526.0,ppb,ch4,-66.73333333333333,112.83333333333331,median,654.4646877501456
527.0,ppb,ch4,-66.73333333333333,112.83333333333331,median,654.7312028017384
528.0,ppb,ch4,-66.73333333333333,112.83333333333331,median,654.9712499614755
529.0,ppb,ch4,-66.73333333333333,112.83333333333331,median,655.2315327798397
530.0,ppb,ch4,-66.73333333333333,112.83333333333331,median,655.5084970224627
531.0,ppb,ch4,-66.73333333333333,112.83333333333331,median,655.8043753198062
532.0,ppb,ch4,-66.73333333333333,112.83333333333331,median,656.1838056278732
533.0,ppb,ch4,-66.73333333333333,112.83333333333331,median,656.4807313794281
534.0,ppb,ch4,-66.73333333333333,112.83333333333331,median,656.8878551343216
535.0,ppb,ch4,-66.73333333333333,112.83333333333331,median,657.2153129226546
536.0,ppb,ch4,-66.73333333333333,112.83333333333331,median,657.4872013135584
537.0,ppb,ch4,-66.73333333333333,112.83333333333331,median,657.762426568114
538.0,ppb,ch4,-66.73333333333333,112.83333333333331,median,658.0214059268769
539.0,ppb,ch4,-66.73333333333333,112.83333333333331,median,658.2632136080151
540.0,ppb,ch4,-66.73333333333333,112.83333333333331,median,658.5064332798086
541.0,ppb,ch4,-66.73333333333333,112.83333333333331,median,658.7963069944885
542.0,ppb,ch4,-66.73333333333333,112.83333333333331,median,659.1194466349398
543.0,ppb,ch4,-66.73333333333333,112.83333333333331,median,659.3204235867458
544.0,ppb,ch4,-66.73333333333333,112.83333333333331,median,659.4968211516841
545.0,ppb,ch4,-66.73333333333333,112.83333333333331,median,659.7273418793778
546.0,ppb,ch4,-66.73333333333333,112.83333333333331,median,659.9924883385825
547.0,ppb,ch4,-66.73333333333333,112.83333333333331,median,660.2284090679467
548.0,ppb,ch4,-66.73333333333333,112.83333333333331,median,660.4108723369238
549.0,ppb,ch4,-66.73333333333333,112.83333333333331,median,660.7463067540916
550.0,ppb,ch4,-66.73333333333333,112.83333333333331,median,660.9811442129101
551.0,ppb,ch4,-66.73333333333333,112.83333333333331,median,661.3040040553597
552.0,ppb,ch4,-66.73333333333333,112.83333333333331,median,661.5450794272653
553.0,ppb,ch4,-66.73333333333333,112.83333333333331,median,661.7509281651135
554.0,ppb,ch4,-66.73333333333333,112.83333333333331,median,661.9014095386501
555.0,ppb,ch4,-66.73333333333333,112.83333333333331,median,662.2573571918208
556.0,ppb,ch4,-66.73333333333333,112.83333333333331,median,662.4290914395814
557.0,ppb,ch4,-66.73333333333333,112.83333333333331,median,662.6733734177502
558.0,ppb,ch4,-66.73333333333333,112.83333333333331,median,662.8823924894518
559.0,ppb,ch4,-66.73333333333333,112.83333333333331,median,663.1408221969532
560.0,ppb,ch4,-66.73333333333333,112.83333333333331,median,663.3733032972864
561.0,ppb,ch4,-66.73333333333333,112.83333333333331,median,663.6884641413237
562.0,ppb,ch4,-66.73333333333333,112.83333333333331,median,663.8952618210715
563.0,ppb,ch4,-66.73333333333333,112.83333333333331,median,664.0908258739037
564.0,ppb,ch4,-66.73333333333333,112.83333333333331,median,664.4168593683437
565.0,ppb,ch4,-66.73333333333333,112.83333333333331,median,664.5254509616691
566.0,ppb,ch4,-66.73333333333333,112.83333333333331,median,664.7343004011193
567.0,ppb,ch4,-66.73333333333333,112.83333333333331,median,664.9409356045646
568.0,ppb,ch4,-66.73333333333333,112.83333333333331,median,665.0288181728017
569.0,ppb,ch4,-66.73333333333333,112.83333333333331,median,665.0909279095192
570.0,ppb,ch4,-66.73333333333333,112.83333333333331,median,665.1766335521284
571.0,ppb,ch4,-66.73333333333333,112.83333333333331,median,665.1538813253866
572.0,ppb,ch4,-66.73333333333333,112.83333333333331,median,665.2485179986364
573.0,ppb,ch4,-66.73333333333333,112.83333333333331,median,665.3120479658793
574.0,ppb,ch4,-66.73333333333333,112.83333333333331,median,665.2922570490132
575.0,ppb,ch4,-66.73333333333333,112.83333333333331,median,665.2895123690105
576.0,ppb,ch4,-66.73333333333333,112.83333333333331,median,665.329266525363
577.0,ppb,ch4,-66.73333333333333,112.83333333333331,median,665.2942393391219
578.0,ppb,ch4,-66.73333333333333,112.83333333333331,median,665.1848346196039
579.0,ppb,ch4,-66.73333333333333,112.83333333333331,median,665.2888338402527
580.0,ppb,ch4,-66.73333333333333,112.83333333333331,median,665.2383348607245
581.0,ppb,ch4,-66.73333333333333,112.83333333333331,median,665.0601928129295
582.0,ppb,ch4,-66.73333333333333,112.83333333333331,median,665.01880281697
583.0,ppb,ch4,-66.73333333333333,112.83333333333331,median,664.9102664208724
584.0,ppb,ch4,-66.73333333333333,112.83333333333331,median,664.9279287118873
585.0,ppb,ch4,-66.73333333333333,112.83333333333331,median,664.781754816633
586.0,ppb,ch4,-66.73333333333333,112.83333333333331,median,664.7162478212581
587.0,ppb,ch4,-66.73333333333333,112.83333333333331,median,664.502564626624
588.0,ppb,ch4,-66.73333333333333,112.83333333333331,median,664.3800197371714
589.0,ppb,ch4,-66.73333333333333,112.83333333333331,median,664.2698831946526
590.0,ppb,ch4,-66.73333333333333,112.83333333333331,median,664.1754786843671
591.0,ppb,ch4,-66.73333333333333,112.83333333333331,median,664.0919356656393
592.0,ppb,ch4,-66.73333333333333,112.83333333333331,median,664.0023926361449
593.0,ppb,ch4,-66.73333333333333,112.83333333333331,median,663.9731789748959
594.0,ppb,ch4,-66.73333333333333,112.83333333333331,median,663.7679412955797
595.0,ppb,ch4,-66.73333333333333,112.83333333333331,median,663.6098155193631
596.0,ppb,ch4,-66.73333333333333,112.83333333333331,median,663.449784399174
597.0,ppb,ch4,-66.73333333333333,112.83333333333331,median,663.3311574625828
598.0,ppb,ch4,-66.73333333333333,112.83333333333331,median,663.2339522716935
599.0,ppb,ch4,-66.73333333333333,112.83333333333331,median,663.0545578395551
600.0,ppb,ch4,-66.73333333333333,112.83333333333331,median,663.0056689538428
601.0,ppb,ch4,-66.73333333333333,112.83333333333331,median,662.9240887394009
602.0,ppb,ch4,-66.73333333333333,112.83333333333331,median,662.8549917086168
603.0,ppb,ch4,-66.73333333333333,112.83333333333331,median,662.731148156322
604.0,ppb,ch4,-66.73333333333333,112.83333333333331,median,662.6562777928848
605.0,ppb,ch4,-66.73333333333333,112.83333333333331,median,662.5071073638459
606.0,ppb,ch4,-66.73333333333333,112.83333333333331,median,662.3998988555538
607.0,ppb,ch4,-66.73333333333333,112.83333333333331,median,662.2585772829103
608.0,ppb,ch4,-66.73333333333333,112.83333333333331,median,662.026230564139
609.0,ppb,ch4,-66.73333333333333,112.83333333333331,median,661.865812482819
610.0,ppb,ch4,-66.73333333333333,112.83333333333331,median,661.6047019102587
611.0,ppb,ch4,-66.73333333333333,112.83333333333331,median,661.3986103562397
612.0,ppb,ch4,-66.73333333333333,112.83333333333331,median,661.27100002096
613.0,ppb,ch4,-66.73333333333333,112.83333333333331,median,661.0902802640799
614.0,ppb,ch4,-66.73333333333333,112.83333333333331,median,660.8324014534653
615.0,ppb,ch4,-66.73333333333333,112.83333333333331,median,660.65816442196
616.0,ppb,ch4,-66.73333333333333,112.83333333333331,median,660.4080410814067
617.0,ppb,ch4,-66.73333333333333,112.83333333333331,median,659.8952038697405
618.0,ppb,ch4,-66.73333333333333,112.83333333333331,median,659.479263794276
619.0,ppb,ch4,-66.73333333333333,112.83333333333331,median,658.8195438954347
620.0,ppb,ch4,-66.73333333333333,112.83333333333331,median,658.313468044298
621.0,ppb,ch4,-66.73333333333333,112.83333333333331,median,657.9425805221895
622.0,ppb,ch4,-66.73333333333333,112.83333333333331,median,657.7753879056711
623.0,ppb,ch4,-66.73333333333333,112.83333333333331,median,657.5252870975932
624.0,ppb,ch4,-66.73333333333333,112.83333333333331,median,657.2124243853416
625.0,ppb,ch4,-66.73333333333333,112.83333333333331,median,656.9678693814153
626.0,ppb,ch4,-66.73333333333333,112.83333333333331,median,656.7748970433599
627.0,ppb,ch4,-66.73333333333333,112.83333333333331,median,656.6314449935178
628.0,ppb,ch4,-66.73333333333333,112.83333333333331,median,656.4891772748128
629.0,ppb,ch4,-66.73333333333333,112.83333333333331,median,656.1966265567779
630.0,ppb,ch4,-66.73333333333333,112.83333333333331,median,655.9903112042698
631.0,ppb,ch4,-66.73333333333333,112.83333333333331,median,655.7834169300648
632.0,ppb,ch4,-66.73333333333333,112.83333333333331,median,655.7024540340017
633.0,ppb,ch4,-66.73333333333333,112.83333333333331,median,655.546625635531
634.0,ppb,ch4,-66.73333333333333,112.83333333333331,median,655.465500460157
635.0,ppb,ch4,-66.73333333333333,112.83333333333331,median,655.3239996167297
636.0,ppb,ch4,-66.73333333333333,112.83333333333331,median,655.2007888713676
637.0,ppb,ch4,-66.73333333333333,112.83333333333331,median,655.0649179176967
638.0,ppb,ch4,-66.73333333333333,112.83333333333331,median,654.9663978607559
639.0,ppb,ch4,-66.73333333333333,112.83333333333331,median,654.914271074927
640.0,ppb,ch4,-66.73333333333333,112.83333333333331,median,654.8115493744082
641.0,ppb,ch4,-66.73333333333333,112.83333333333331,median,654.6733567765795
642.0,ppb,ch4,-66.73333333333333,112.83333333333331,median,654.5187694608334
643.0,ppb,ch4,-66.73333333333333,112.83333333333331,median,654.3905386274758
644.0,ppb,ch4,-66.73333333333333,112.83333333333331,median,654.2569150195345
645.0,ppb,ch4,-66.73333333333333,112.83333333333331,median,654.1047392349323
646.0,ppb,ch4,-66.73333333333333,112.83333333333331,median,653.9952774201399
647.0,ppb,ch4,-66.73333333333333,112.83333333333331,median,653.8519667041271
648.0,ppb,ch4,-66.73333333333333,112.83333333333331,median,653.7440901408925
649.0,ppb,ch4,-66.73333333333333,112.83333333333331,median,653.6297574068682
650.0,ppb,ch4,-66.73333333333333,112.83333333333331,median,653.4760981288529
651.0,ppb,ch4,-66.73333333333333,112.83333333333331,median,653.3324239695894
652.0,ppb,ch4,-66.73333333333333,112.83333333333331,median,653.2463714016253
653.0,ppb,ch4,-66.73333333333333,112.83333333333331,median,653.1539870549161
654.0,ppb,ch4,-66.73333333333333,112.83333333333331,median,653.0570372090979
655.0,ppb,ch4,-66.73333333333333,112.83333333333331,median,652.9099249535228
656.0,ppb,ch4,-66.73333333333333,112.83333333333331,median,652.8037658260048
657.0,ppb,ch4,-66.73333333333333,112.83333333333331,median,652.7009511337453
658.0,ppb,ch4,-66.73333333333333,112.83333333333331,median,652.6003688707614
659.0,ppb,ch4,-66.73333333333333,112.83333333333331,median,652.5033646336382
660.0,ppb,ch4,-66.73333333333333,112.83333333333331,median,652.406728440969
661.0,ppb,ch4,-66.73333333333333,112.83333333333331,median,652.2810422358993
662.0,ppb,ch4,-66.73333333333333,112.83333333333331,median,652.2068051253793
663.0,ppb,ch4,-66.73333333333333,112.83333333333331,median,652.1394868641582
664.0,ppb,ch4,-66.73333333333333,112.83333333333331,median,652.0719605861324
665.0,ppb,ch4,-66.73333333333333,112.83333333333331,median,651.9929061650397
666.0,ppb,ch4,-66.73333333333333,112.83333333333331,median,651.9645711811602
667.0,ppb,ch4,-66.73333333333333,112.83333333333331,median,651.9158780442926
668.0,ppb,ch4,-66.73333333333333,112.83333333333331,median,651.8389272187559
669.0,ppb,ch4,-66.73333333333333,112.83333333333331,median,651.6828126395101
670.0,ppb,ch4,-66.73333333333333,112.83333333333331,median,651.5973462216626
671.0,ppb,ch4,-66.73333333333333,112.83333333333331,median,651.5135418411768
672.0,ppb,ch4,-66.73333333333333,112.83333333333331,median,651.4566621173717
673.0,ppb,ch4,-66.73333333333333,112.83333333333331,median,651.3994938177561
674.0,ppb,ch4,-66.73333333333333,112.83333333333331,median,651.328277815013
675.0,ppb,ch4,-66.73333333333333,112.83333333333331,median,651.2693830263415
676.0,ppb,ch4,-66.73333333333333,112.83333333333331,median,651.2041555008595
677.0,ppb,ch4,-66.73333333333333,112.83333333333331,median,651.1826149655634
678.0,ppb,ch4,-66.73333333333333,112.83333333333331,median,651.1346194753306
679.0,ppb,ch4,-66.73333333333333,112.83333333333331,median,651.0871837457019
680.0,ppb,ch4,-66.73333333333333,112.83333333333331,median,651.0261634716269
681.0,ppb,ch4,-66.73333333333333,112.83333333333331,median,651.018308617856
682.0,ppb,ch4,-66.73333333333333,112.83333333333331,median,650.987343240611
683.0,ppb,ch4,-66.73333333333333,112.83333333333331,median,650.9803256522591
684.0,ppb,ch4,-66.73333333333333,112.83333333333331,median,650.9397659498011
685.0,ppb,ch4,-66.73333333333333,112.83333333333331,median,650.9243881769081
686.0,ppb,ch4,-66.73333333333333,112.83333333333331,median,650.9316725913384
687.0,ppb,ch4,-66.73333333333333,112.83333333333331,median,650.9414973058232
688.0,ppb,ch4,-66.73333333333333,112.83333333333331,median,650.95187875787
689.0,ppb,ch4,-66.73333333333333,112.83333333333331,median,650.9399144190329
690.0,ppb,ch4,-66.73333333333333,112.83333333333331,median,650.9102931239977
691.0,ppb,ch4,-66.73333333333333,112.83333333333331,median,650.9082550503676
692.0,ppb,ch4,-66.73333333333333,112.83333333333331,median,650.9274631692575
693.0,ppb,ch4,-66.73333333333333,112.83333333333331,median,650.9232290704463
694.0,ppb,ch4,-66.73333333333333,112.83333333333331,median,650.9514654130704
695.0,ppb,ch4,-66.73333333333333,112.83333333333331,median,651.0070720896649
696.0,ppb,ch4,-66.73333333333333,112.83333333333331,median,650.996326826748
697.0,ppb,ch4,-66.73333333333333,112.83333333333331,median,651.0319439277077
698.0,ppb,ch4,-66.73333333333333,112.83333333333331,median,651.0740996393012
699.0,ppb,ch4,-66.73333333333333,112.83333333333331,median,651.1632177936519
700.0,ppb,ch4,-66.73333333333333,112.83333333333331,median,651.2559469407738
701.0,ppb,ch4,-66.73333333333333,112.83333333333331,median,651.3314541749265
702.0,ppb,ch4,-66.73333333333333,112.83333333333331,median,651.4092291023662
703.0,ppb,ch4,-66.73333333333333,112.83333333333331,median,651.5286274503344
704.0,ppb,ch4,-66.73333333333333,112.83333333333331,median,651.598535018981
705.0,ppb,ch4,-66.73333333333333,112.83333333333331,median,651.7238763295347
706.0,ppb,ch4,-66.73333333333333,112.83333333333331,median,651.8798988278577
707.0,ppb,ch4,-66.73333333333333,112.83333333333331,median,651.9692589346189
708.0,ppb,ch4,-66.73333333333333,112.83333333333331,median,652.1447579379353
709.0,ppb,ch4,-66.73333333333333,112.83333333333331,median,652.4984430691499
710.0,ppb,ch4,-66.73333333333333,112.83333333333331,median,652.7597846779587
711.0,ppb,ch4,-66.73333333333333,112.83333333333331,median,653.2841876915896
712.0,ppb,ch4,-66.73333333333333,112.83333333333331,median,653.7592331652615
713.0,ppb,ch4,-66.73333333333333,112.83333333333331,median,655.0383406501151
714.0,ppb,ch4,-66.73333333333333,112.83333333333331,median,655.6528119577637
715.0,ppb,ch4,-66.73333333333333,112.83333333333331,median,655.9972587683536
716.0,ppb,ch4,-66.73333333333333,112.83333333333331,median,656.3114395436869
717.0,ppb,ch4,-66.73333333333333,112.83333333333331,median,656.5437267151284
718.0,ppb,ch4,-66.73333333333333,112.83333333333331,median,656.7046932049315
719.0,ppb,ch4,-66.73333333333333,112.83333333333331,median,656.9719918942557
720.0,ppb,ch4,-66.73333333333333,112.83333333333331,median,657.0179879765108
721.0,ppb,ch4,-66.73333333333333,112.83333333333331,median,657.0324956529266
722.0,ppb,ch4,-66.73333333333333,112.83333333333331,median,657.0320904526525
723.0,ppb,ch4,-66.73333333333333,112.83333333333331,median,657.0806100381301
724.0,ppb,ch4,-66.73333333333333,112.83333333333331,median,657.113953382619
725.0,ppb,ch4,-66.73333333333333,112.83333333333331,median,657.1338320245122
726.0,ppb,ch4,-66.73333333333333,112.83333333333331,median,657.0762929877908
727.0,ppb,ch4,-66.73333333333333,112.83333333333331,median,657.0394859509038
728.0,ppb,ch4,-66.73333333333333,112.83333333333331,median,657.0027012286002
729.0,ppb,ch4,-66.73333333333333,112.83333333333331,median,656.9522272494954
730.0,ppb,ch4,-66.73333333333333,112.83333333333331,median,656.9509083649644
731.0,ppb,ch4,-66.73333333333333,112.83333333333331,median,656.9630077509414
732.0,ppb,ch4,-66.73333333333333,112.83333333333331,median,656.9828825295426
733.0,ppb,ch4,-66.73333333333333,112.83333333333331,median,656.9231872575288
734.0,ppb,ch4,-66.73333333333333,112.83333333333331,median,656.9626106456869
735.0,ppb,ch4,-66.73333333333333,112.83333333333331,median,657.0076989022434
736.0,ppb,ch4,-66.73333333333333,112.83333333333331,median,656.9573582942494
737.0,ppb,ch4,-66.73333333333333,112.83333333333331,median,656.9375092757084
738.0,ppb,ch4,-66.73333333333333,112.83333333333331,median,656.9428491567644
739.0,ppb,ch4,-66.73333333333333,112.83333333333331,median,656.9702319227795
740.0,ppb,ch4,-66.73333333333333,112.83333333333331,median,657.0305203890127
741.0,ppb,ch4,-66.73333333333333,112.83333333333331,median,657.0846269991416
742.0,ppb,ch4,-66.73333333333333,112.83333333333331,median,657.0625167297926
743.0,ppb,ch4,-66.73333333333333,112.83333333333331,median,657.055423157422
744.0,ppb,ch4,-66.73333333333333,112.83333333333331,median,657.1354616022265
745.0,ppb,ch4,-66.73333333333333,112.83333333333331,median,657.1916002493422
746.0,ppb,ch4,-66.73333333333333,112.83333333333331,median,657.2388298621333
747.0,ppb,ch4,-66.73333333333333,112.83333333333331,median,657.2775441216909
748.0,ppb,ch4,-66.73333333333333,112.83333333333331,median,657.3210329277947
749.0,ppb,ch4,-66.73333333333333,112.83333333333331,median,657.4206249436077
750.0,ppb,ch4,-66.73333333333333,112.83333333333331,median,657.5168594074453
751.0,ppb,ch4,-66.73333333333333,112.83333333333331,median,657.5760209209177
752.0,ppb,ch4,-66.73333333333333,112.83333333333331,median,657.6479678937967
753.0,ppb,ch4,-66.73333333333333,112.83333333333331,median,657.7260262462963
754.0,ppb,ch4,-66.73333333333333,112.83333333333331,median,657.8029089200257
755.0,ppb,ch4,-66.73333333333333,112.83333333333331,median,657.880733960671
756.0,ppb,ch4,-66.73333333333333,112.83333333333331,median,657.9339911895561
757.0,ppb,ch4,-66.73333333333333,112.83333333333331,median,657.964060977142
758.0,ppb,ch4,-66.73333333333333,112.83333333333331,median,658.0418439728128
759.0,ppb,ch4,-66.73333333333333,112.83333333333331,median,658.099927551099
760.0,ppb,ch4,-66.73333333333333,112.83333333333331,median,658.1584274247748
761.0,ppb,ch4,-66.73333333333333,112.83333333333331,median,658.2296850356488
762.0,ppb,ch4,-66.73333333333333,112.83333333333331,median,658.2860863081958
763.0,ppb,ch4,-66.73333333333333,112.83333333333331,median,658.3235089814079
764.0,ppb,ch4,-66.73333333333333,112.83333333333331,median,658.388899294845
765.0,ppb,ch4,-66.73333333333333,112.83333333333331,median,658.4447873000959
766.0,ppb,ch4,-66.73333333333333,112.83333333333331,median,658.4858708371348
767.0,ppb,ch4,-66.73333333333333,112.83333333333331,median,658.529124297524
768.0,ppb,ch4,-66.73333333333333,112.83333333333331,median,658.595710148426
769.0,ppb,ch4,-66.73333333333333,112.83333333333331,median,658.6515815373441
770.0,ppb,ch4,-66.73333333333333,112.83333333333331,median,658.7036756594005
771.0,ppb,ch4,-66.73333333333333,112.83333333333331,median,658.7720975929678
772.0,ppb,ch4,-66.73333333333333,112.83333333333331,median,658.8432865791652
773.0,ppb,ch4,-66.73333333333333,112.83333333333331,median,658.8703787914035
774.0,ppb,ch4,-66.73333333333333,112.83333333333331,median,658.9015512391143
775.0,ppb,ch4,-66.73333333333333,112.83333333333331,median,658.9511447610471
776.0,ppb,ch4,-66.73333333333333,112.83333333333331,median,659.0127645311075
777.0,ppb,ch4,-66.73333333333333,112.83333333333331,median,659.0657191048479
778.0,ppb,ch4,-66.73333333333333,112.83333333333331,median,659.1181205337361
779.0,ppb,ch4,-66.73333333333333,112.83333333333331,median,659.174218846235
780.0,ppb,ch4,-66.73333333333333,112.83333333333331,median,659.2204526202377
781.0,ppb,ch4,-66.73333333333333,112.83333333333331,median,659.2704185894082
782.0,ppb,ch4,-66.73333333333333,112.83333333333331,median,659.3170345977901
783.0,ppb,ch4,-66.73333333333333,112.83333333333331,median,659.3672581982814
784.0,ppb,ch4,-66.73333333333333,112.83333333333331,median,659.4206876508651
785.0,ppb,ch4,-66.73333333333333,112.83333333333331,median,659.4728855424542
786.0,ppb,ch4,-66.73333333333333,112.83333333333331,median,659.5104968346322
787.0,ppb,ch4,-66.73333333333333,112.83333333333331,median,659.541775284508
788.0,ppb,ch4,-66.73333333333333,112.83333333333331,median,659.583864951506
789.0,ppb,ch4,-66.73333333333333,112.83333333333331,median,659.6142576646723
790.0,ppb,ch4,-66.73333333333333,112.83333333333331,median,659.6494134761435
791.0,ppb,ch4,-66.73333333333333,112.83333333333331,median,659.6804477839771
792.0,ppb,ch4,-66.73333333333333,112.83333333333331,median,659.7105737067187
793.0,ppb,ch4,-66.73333333333333,112.83333333333331,median,659.7397955034445
794.0,ppb,ch4,-66.73333333333333,112.83333333333331,median,659.7542005325271
795.0,ppb,ch4,-66.73333333333333,112.83333333333331,median,659.7744580591063
796.0,ppb,ch4,-66.73333333333333,112.83333333333331,median,659.7929022637097
797.0,ppb,ch4,-66.73333333333333,112.83333333333331,median,659.8246628865464
798.0,ppb,ch4,-66.73333333333333,112.83333333333331,median,659.8521285799709
799.0,ppb,ch4,-66.73333333333333,112.83333333333331,median,659.8563318693931
800.0,ppb,ch4,-66.73333333333333,112.83333333333331,median,659.8077440999396
801.0,ppb,ch4,-66.73333333333333,112.83333333333331,median,659.802709663262
802.0,ppb,ch4,-66.73333333333333,112.83333333333331,median,659.7061075766475
803.0,ppb,ch4,-66.73333333333333,112.83333333333331,median,659.6480508141533
804.0,ppb,ch4,-66.73333333333333,112.83333333333331,median,659.56991466912
805.0,ppb,ch4,-66.73333333333333,112.83333333333331,median,659.5254126127704
806.0,ppb,ch4,-66.73333333333333,112.83333333333331,median,659.4812417371254
807.0,ppb,ch4,-66.73333333333333,112.83333333333331,median,659.4772025027951
808.0,ppb,ch4,-66.73333333333333,112.83333333333331,median,659.451893863735
809.0,ppb,ch4,-66.73333333333333,112.83333333333331,median,659.4058113289775
810.0,ppb,ch4,-66.73333333333333,112.83333333333331,median,659.1870706260455
811.0,ppb,ch4,-66.73333333333333,112.83333333333331,median,659.1319041096478
812.0,ppb,ch4,-66.73333333333333,112.83333333333331,median,658.905399042714
813.0,ppb,ch4,-66.73333333333333,112.83333333333331,median,658.6101101369854
814.0,ppb,ch4,-66.73333333333333,112.83333333333331,median,658.5085699970141
815.0,ppb,ch4,-66.73333333333333,112.83333333333331,median,658.4152741237057
816.0,ppb,ch4,-66.73333333333333,112.83333333333331,median,658.4103711604598
817.0,ppb,ch4,-66.73333333333333,112.83333333333331,median,658.172412972674
818.0,ppb,ch4,-66.73333333333333,112.83333333333331,median,657.8152283705128
819.0,ppb,ch4,-66.73333333333333,112.83333333333331,median,657.5470220022423
820.0,ppb,ch4,-66.73333333333333,112.83333333333331,median,657.3847855275607
821.0,ppb,ch4,-66.73333333333333,112.83333333333331,median,657.2885891225635
822.0,ppb,ch4,-66.73333333333333,112.83333333333331,median,657.1446330440078
823.0,ppb,ch4,-66.73333333333333,112.83333333333331,median,657.0731315356077
824.0,ppb,ch4,-66.73333333333333,112.83333333333331,median,657.0325198280686
825.0,ppb,ch4,-66.73333333333333,112.83333333333331,median,656.8706247924399
826.0,ppb,ch4,-66.73333333333333,112.83333333333331,median,656.8101445813152
827.0,ppb,ch4,-66.73333333333333,112.83333333333331,median,656.6528123983339
828.0,ppb,ch4,-66.73333333333333,112.83333333333331,median,656.5412161587051
829.0,ppb,ch4,-66.73333333333333,112.83333333333331,median,656.4703034075019
830.0,ppb,ch4,-66.73333333333333,112.83333333333331,median,656.4554775713693
831.0,ppb,ch4,-66.73333333333333,112.83333333333331,median,656.3800687330006
832.0,ppb,ch4,-66.73333333333333,112.83333333333331,median,656.3510828051762
833.0,ppb,ch4,-66.73333333333333,112.83333333333331,median,656.2998959475315
834.0,ppb,ch4,-66.73333333333333,112.83333333333331,median,656.288920432086
835.0,ppb,ch4,-66.73333333333333,112.83333333333331,median,656.2872399057389
836.0,ppb,ch4,-66.73333333333333,112.83333333333331,median,656.2211414388324
837.0,ppb,ch4,-66.73333333333333,112.83333333333331,median,656.1961193611373
838.0,ppb,ch4,-66.73333333333333,112.83333333333331,median,656.1013315662592
839.0,ppb,ch4,-66.73333333333333,112.83333333333331,median,656.0259085603177
840.0,ppb,ch4,-66.73333333333333,112.83333333333331,median,656.062454684308
841.0,ppb,ch4,-66.73333333333333,112.83333333333331,median,656.1153438040507
842.0,ppb,ch4,-66.73333333333333,112.83333333333331,median,656.1814177622575
843.0,ppb,ch4,-66.73333333333333,112.83333333333331,median,656.1716235978947
844.0,ppb,ch4,-66.73333333333333,112.83333333333331,median,656.1841249239044
845.0,ppb,ch4,-66.73333333333333,112.83333333333331,median,656.1863266425455
846.0,ppb,ch4,-66.73333333333333,112.83333333333331,median,656.1807200510004
847.0,ppb,ch4,-66.73333333333333,112.83333333333331,median,656.2272814715466
848.0,ppb,ch4,-66.73333333333333,112.83333333333331,median,656.216784780464
849.0,ppb,ch4,-66.73333333333333,112.83333333333331,median,656.2139072001439
850.0,ppb,ch4,-66.73333333333333,112.83333333333331,median,656.2229189261293
851.0,ppb,ch4,-66.73333333333333,112.83333333333331,median,656.2300313500044
852.0,ppb,ch4,-66.73333333333333,112.83333333333331,median,656.3155305007983
853.0,ppb,ch4,-66.73333333333333,112.83333333333331,median,656.3034885247521
854.0,ppb,ch4,-66.73333333333333,112.83333333333331,median,656.2867984523945
855.0,ppb,ch4,-66.73333333333333,112.83333333333331,median,656.2945751817651
856.0,ppb,ch4,-66.73333333333333,112.83333333333331,median,656.3705918290798
857.0,ppb,ch4,-66.73333333333333,112.83333333333331,median,656.3821787921005
858.0,ppb,ch4,-66.73333333333333,112.83333333333331,median,656.4191024185607
859.0,ppb,ch4,-66.73333333333333,112.83333333333331,median,656.4319704944934
860.0,ppb,ch4,-66.73333333333333,112.83333333333331,median,656.439630081494
861.0,ppb,ch4,-66.73333333333333,112.83333333333331,median,656.4782922380097
862.0,ppb,ch4,-66.73333333333333,112.83333333333331,median,656.5485208282486
863.0,ppb,ch4,-66.73333333333333,112.83333333333331,median,656.4714747013652
864.0,ppb,ch4,-66.73333333333333,112.83333333333331,median,656.3571407955942
865.0,ppb,ch4,-66.73333333333333,112.83333333333331,median,656.2682451388193
866.0,ppb,ch4,-66.73333333333333,112.83333333333331,median,656.2761111829077
867.0,ppb,ch4,-66.73333333333333,112.83333333333331,median,656.2623001515781
868.0,ppb,ch4,-66.73333333333333,112.83333333333331,median,656.1560474017044
869.0,ppb,ch4,-66.73333333333333,112.83333333333331,median,656.0351513661446
870.0,ppb,ch4,-66.73333333333333,112.83333333333331,median,655.966732808388
871.0,ppb,ch4,-66.73333333333333,112.83333333333331,median,655.9395872860949
872.0,ppb,ch4,-66.73333333333333,112.83333333333331,median,655.8735094892031
873.0,ppb,ch4,-66.73333333333333,112.83333333333331,median,655.7958010687394
874.0,ppb,ch4,-66.73333333333333,112.83333333333331,median,655.7745060806932
875.0,ppb,ch4,-66.73333333333333,112.83333333333331,median,655.7410300052928
876.0,ppb,ch4,-66.73333333333333,112.83333333333331,median,655.716994356298
877.0,ppb,ch4,-66.73333333333333,112.83333333333331,median,655.6951679725355
878.0,ppb,ch4,-66.73333333333333,112.83333333333331,median,655.7043543604607
879.0,ppb,ch4,-66.73333333333333,112.83333333333331,median,655.6582740960084
880.0,ppb,ch4,-66.73333333333333,112.83333333333331,median,655.6199170287996
881.0,ppb,ch4,-66.73333333333333,112.83333333333331,median,655.6258036471851
882.0,ppb,ch4,-66.73333333333333,112.83333333333331,median,655.6118134137357
883.0,ppb,ch4,-66.73333333333333,112.83333333333331,median,655.5554647131128
884.0,ppb,ch4,-66.73333333333333,112.83333333333331,median,655.553828100248
885.0,ppb,ch4,-66.73333333333333,112.83333333333331,median,655.527248800965
886.0,ppb,ch4,-66.73333333333333,112.83333333333331,median,655.5349258642959
887.0,ppb,ch4,-66.73333333333333,112.83333333333331,median,655.4581250263298
888.0,ppb,ch4,-66.73333333333333,112.83333333333331,median,655.4746834774967
889.0,ppb,ch4,-66.73333333333333,112.83333333333331,median,655.5005282481659
890.0,ppb,ch4,-66.73333333333333,112.83333333333331,median,655.4862678135049
891.0,ppb,ch4,-66.73333333333333,112.83333333333331,median,655.5045940192838
892.0,ppb,ch4,-66.73333333333333,112.83333333333331,median,655.5288488035674
893.0,ppb,ch4,-66.73333333333333,112.83333333333331,median,655.5540175117253
894.0,ppb,ch4,-66.73333333333333,112.83333333333331,median,655.5801085729252
895.0,ppb,ch4,-66.73333333333333,112.83333333333331,median,655.6008153171817
896.0,ppb,ch4,-66.73333333333333,112.83333333333331,median,655.6148240197804
897.0,ppb,ch4,-66.73333333333333,112.83333333333331,median,655.6415632799907
898.0,ppb,ch4,-66.73333333333333,112.83333333333331,median,655.6786526921712
899.0,ppb,ch4,-66.73333333333333,112.83333333333331,median,655.7096719747298
900.0,ppb,ch4,-66.73333333333333,112.83333333333331,median,655.7314452225198
901.0,ppb,ch4,-66.73333333333333,112.83333333333331,median,655.7446074670311
902.0,ppb,ch4,-66.73333333333333,112.83333333333331,median,655.7662722353995
903.0,ppb,ch4,-66.73333333333333,112.83333333333331,median,655.7823820854364
904.0,ppb,ch4,-66.73333333333333,112.83333333333331,median,655.8092229191259
905.0,ppb,ch4,-66.73333333333333,112.83333333333331,median,655.8494523686641
906.0,ppb,ch4,-66.73333333333333,112.83333333333331,median,655.8957597548381
907.0,ppb,ch4,-66.73333333333333,112.83333333333331,median,655.9485310259055
908.0,ppb,ch4,-66.73333333333333,112.83333333333331,median,656.0002836203088
909.0,ppb,ch4,-66.73333333333333,112.83333333333331,median,656.0539649696892
910.0,ppb,ch4,-66.73333333333333,112.83333333333331,median,656.0897846452406
911.0,ppb,ch4,-66.73333333333333,112.83333333333331,median,656.150744236727
912.0,ppb,ch4,-66.73333333333333,112.83333333333331,median,656.1847432520242
913.0,ppb,ch4,-66.73333333333333,112.83333333333331,median,656.209484216715
914.0,ppb,ch4,-66.73333333333333,112.83333333333331,median,656.2420220888629
915.0,ppb,ch4,-66.73333333333333,112.83333333333331,median,656.3171471642474
916.0,ppb,ch4,-66.73333333333333,112.83333333333331,median,656.3833373563849
917.0,ppb,ch4,-66.73333333333333,112.83333333333331,median,656.4450258745461
918.0,ppb,ch4,-66.73333333333333,112.83333333333331,median,656.5010126846794
919.0,ppb,ch4,-66.73333333333333,112.83333333333331,median,656.5545720011013
920.0,ppb,ch4,-66.73333333333333,112.83333333333331,median,656.5970427410177
921.0,ppb,ch4,-66.73333333333333,112.83333333333331,median,656.6585097851877
922.0,ppb,ch4,-66.73333333333333,112.83333333333331,median,656.6667969826866
923.0,ppb,ch4,-66.73333333333333,112.83333333333331,median,656.7332736732405
924.0,ppb,ch4,-66.73333333333333,112.83333333333331,median,656.782463497338
925.0,ppb,ch4,-66.73333333333333,112.83333333333331,median,656.8279774813657
926.0,ppb,ch4,-66.73333333333333,112.83333333333331,median,656.8528296696569
927.0,ppb,ch4,-66.73333333333333,112.83333333333331,median,656.8946011481081
928.0,ppb,ch4,-66.73333333333333,112.83333333333331,median,656.8980709090896
929.0,ppb,ch4,-66.73333333333333,112.83333333333331,median,656.7937410079759
930.0,ppb,ch4,-66.73333333333333,112.83333333333331,median,656.8166191172356
931.0,ppb,ch4,-66.73333333333333,112.83333333333331,median,656.6696638324257
932.0,ppb,ch4,-66.73333333333333,112.83333333333331,median,656.6682361528573
933.0,ppb,ch4,-66.73333333333333,112.83333333333331,median,656.7011175714096
934.0,ppb,ch4,-66.73333333333333,112.83333333333331,median,656.5828807180975
935.0,ppb,ch4,-66.73333333333333,112.83333333333331,median,656.5673233824656
936.0,ppb,ch4,-66.73333333333333,112.83333333333331,median,656.6142319780977
937.0,ppb,ch4,-66.73333333333333,112.83333333333331,median,656.5739130363432
938.0,ppb,ch4,-66.73333333333333,112.83333333333331,median,656.6418287727436
939.0,ppb,ch4,-66.73333333333333,112.83333333333331,median,656.4641732661397
940.0,ppb,ch4,-66.73333333333333,112.83333333333331,median,656.2832172294452
941.0,ppb,ch4,-66.73333333333333,112.83333333333331,median,656.1507365793492
942.0,ppb,ch4,-66.73333333333333,112.83333333333331,median,656.1521791760887
943.0,ppb,ch4,-66.73333333333333,112.83333333333331,median,656.0320061622601
944.0,ppb,ch4,-66.73333333333333,112.83333333333331,median,655.9597301770066
945.0,ppb,ch4,-66.73333333333333,112.83333333333331,median,656.0337249084422
946.0,ppb,ch4,-66.73333333333333,112.83333333333331,median,656.1587800028792
947.0,ppb,ch4,-66.73333333333333,112.83333333333331,median,656.2976103911327
948.0,ppb,ch4,-66.73333333333333,112.83333333333331,median,656.5176020103673
949.0,ppb,ch4,-66.73333333333333,112.83333333333331,median,656.625776305451
950.0,ppb,ch4,-66.73333333333333,112.83333333333331,median,656.7338571481318
951.0,ppb,ch4,-66.73333333333333,112.83333333333331,median,656.8741488395814
952.0,ppb,ch4,-66.73333333333333,112.83333333333331,median,656.9540015252427
953.0,ppb,ch4,-66.73333333333333,112.83333333333331,median,657.1265431145783
954.0,ppb,ch4,-66.73333333333333,112.83333333333331,median,657.2909350838376
955.0,ppb,ch4,-66.73333333333333,112.83333333333331,median,657.4671747910661
956.0,ppb,ch4,-66.73333333333333,112.83333333333331,median,657.6305392021218
957.0,ppb,ch4,-66.73333333333333,112.83333333333331,median,657.7781343773898
958.0,ppb,ch4,-66.73333333333333,112.83333333333331,median,657.9802860039559
959.0,ppb,ch4,-66.73333333333333,112.83333333333331,median,658.1605530267539
960.0,ppb,ch4,-66.73333333333333,112.83333333333331,median,658.393050461958
961.0,ppb,ch4,-66.73333333333333,112.83333333333331,median,658.5033031122307
962.0,ppb,ch4,-66.73333333333333,112.83333333333331,median,658.7123703684505
963.0,ppb,ch4,-66.73333333333333,112.83333333333331,median,658.8678004541765
964.0,ppb,ch4,-66.73333333333333,112.83333333333331,median,659.0604699625989
965.0,ppb,ch4,-66.73333333333333,112.83333333333331,median,659.2916475949447
966.0,ppb,ch4,-66.73333333333333,112.83333333333331,median,659.4809355151127
967.0,ppb,ch4,-66.73333333333333,112.83333333333331,median,659.691901695764
968.0,ppb,ch4,-66.73333333333333,112.83333333333331,median,659.9397625021409
969.0,ppb,ch4,-66.73333333333333,112.83333333333331,median,660.0747987037431
970.0,ppb,ch4,-66.73333333333333,112.83333333333331,median,660.2946371568183
971.0,ppb,ch4,-66.73333333333333,112.83333333333331,median,660.4637645115447
972.0,ppb,ch4,-66.73333333333333,112.83333333333331,median,660.6249259172295
973.0,ppb,ch4,-66.73333333333333,112.83333333333331,median,660.7732416840101
974.0,ppb,ch4,-66.73333333333333,112.83333333333331,median,660.9092939356401
975.0,ppb,ch4,-66.73333333333333,112.83333333333331,median,661.0354560827219
976.0,ppb,ch4,-66.73333333333333,112.83333333333331,median,661.164984417834
977.0,ppb,ch4,-66.73333333333333,112.83333333333331,median,661.3091879661918
978.0,ppb,ch4,-66.73333333333333,112.83333333333331,median,661.5423224097052
979.0,ppb,ch4,-66.73333333333333,112.83333333333331,median,661.6592626292835
980.0,ppb,ch4,-66.73333333333333,112.83333333333331,median,661.7726400045013
981.0,ppb,ch4,-66.73333333333333,112.83333333333331,median,661.9603514219775
982.0,ppb,ch4,-66.73333333333333,112.83333333333331,median,662.1839085759625
983.0,ppb,ch4,-66.73333333333333,112.83333333333331,median,662.3816433223732
984.0,ppb,ch4,-66.73333333333333,112.83333333333331,median,662.5377148708718
985.0,ppb,ch4,-66.73333333333333,112.83333333333331,median,662.7086764693283
986.0,ppb,ch4,-66.73333333333333,112.83333333333331,median,662.8798281603039
987.0,ppb,ch4,-66.73333333333333,112.83333333333331,median,663.0464006969189
988.0,ppb,ch4,-66.73333333333333,112.83333333333331,median,663.2022139872814
989.0,ppb,ch4,-66.73333333333333,112.83333333333331,median,663.3851532658705
990.0,ppb,ch4,-66.73333333333333,112.83333333333331,median,663.5268957350143
991.0,ppb,ch4,-66.73333333333333,112.83333333333331,median,663.6473723882362
992.0,ppb,ch4,-66.73333333333333,112.83333333333331,median,663.7900170922521
993.0,ppb,ch4,-66.73333333333333,112.83333333333331,median,664.0013093704013
994.0,ppb,ch4,-66.73333333333333,112.83333333333331,median,664.1828390852897
995.0,ppb,ch4,-66.73333333333333,112.83333333333331,median,664.3663151762396
996.0,ppb,ch4,-66.73333333333333,112.83333333333331,median,664.5340387229115
997.0,ppb,ch4,-66.73333333333333,112.83333333333331,median,664.7034751885342
998.0,ppb,ch4,-66.73333333333333,112.83333333333331,median,664.872104458396
999.0,ppb,ch4,-66.73333333333333,112.83333333333331,median,665.0425477477102
1000.0,ppb,ch4,-66.73333333333333,112.83333333333331,median,665.2243509755998
1001.0,ppb,ch4,-66.73333333333333,112.83333333333331,median,665.3846230557714
1002.0,ppb,ch4,-66.73333333333333,112.83333333333331,median,665.5724334866424
1003.0,ppb,ch4,-66.73333333333333,112.83333333333331,median,665.7745842581273
1004.0,ppb,ch4,-66.73333333333333,112.83333333333331,median,665.980032848963
1005.0,ppb,ch4,-66.73333333333333,112.83333333333331,median,666.196445105282
1006.0,ppb,ch4,-66.73333333333333,112.83333333333331,median,666.3999737891539
1007.0,ppb,ch4,-66.73333333333333,112.83333333333331,median,666.6141099968122
1008.0,ppb,ch4,-66.73333333333333,112.83333333333331,median,666.8287250745034
1009.0,ppb,ch4,-66.73333333333333,112.83333333333331,median,667.026105284634
1010.0,ppb,ch4,-66.73333333333333,112.83333333333331,median,667.1605678108765
1011.0,ppb,ch4,-66.73333333333333,112.83333333333331,median,667.3427239821388
1012.0,ppb,ch4,-66.73333333333333,112.83333333333331,median,667.4831982836199
1013.0,ppb,ch4,-66.73333333333333,112.83333333333331,median,667.5455933781261
1014.0,ppb,ch4,-66.73333333333333,112.83333333333331,median,667.7369831999724
1015.0,ppb,ch4,-66.73333333333333,112.83333333333331,median,668.0102078609066
1016.0,ppb,ch4,-66.73333333333333,112.83333333333331,median,668.2864059955907
1017.0,ppb,ch4,-66.73333333333333,112.83333333333331,median,668.6093569087384
1018.0,ppb,ch4,-66.73333333333333,112.83333333333331,median,668.9445735106458
1019.0,ppb,ch4,-66.73333333333333,112.83333333333331,median,669.3711687546228
1020.0,ppb,ch4,-66.73333333333333,112.83333333333331,median,669.9571736698924
1021.0,ppb,ch4,-66.73333333333333,112.83333333333331,median,670.841412326653
1022.0,ppb,ch4,-66.73333333333333,112.83333333333331,median,673.0655103311885
1023.0,ppb,ch4,-66.73333333333333,112.83333333333331,median,675.8061226233588
1024.0,ppb,ch4,-66.73333333333333,112.83333333333331,median,676.5732363814054
1025.0,ppb,ch4,-66.73333333333333,112.83333333333331,median,676.892437947901
1026.0,ppb,ch4,-66.73333333333333,112.83333333333331,median,677.1743895586981
1027.0,ppb,ch4,-66.73333333333333,112.83333333333331,median,677.4307600995776
1028.0,ppb,ch4,-66.73333333333333,112.83333333333331,median,677.7247891939993
1029.0,ppb,ch4,-66.73333333333333,112.83333333333331,median,677.881830226135
1030.0,ppb,ch4,-66.73333333333333,112.83333333333331,median,678.0084462500897
1031.0,ppb,ch4,-66.73333333333333,112.83333333333331,median,678.1360725055812
1032.0,ppb,ch4,-66.73333333333333,112.83333333333331,median,678.2069457109035
1033.0,ppb,ch4,-66.73333333333333,112.83333333333331,median,678.3288156166867
1034.0,ppb,ch4,-66.73333333333333,112.83333333333331,median,678.324137652633
1035.0,ppb,ch4,-66.73333333333333,112.83333333333331,median,678.4265261208875
1036.0,ppb,ch4,-66.73333333333333,112.83333333333331,median,678.5500390990815
1037.0,ppb,ch4,-66.73333333333333,112.83333333333331,median,678.6482995927236
1038.0,ppb,ch4,-66.73333333333333,112.83333333333331,median,678.6973301647372
1039.0,ppb,ch4,-66.73333333333333,112.83333333333331,median,678.6979819099142
1040.0,ppb,ch4,-66.73333333333333,112.83333333333331,median,678.8147087114535
1041.0,ppb,ch4,-66.73333333333333,112.83333333333331,median,678.9382934051962
1042.0,ppb,ch4,-66.73333333333333,112.83333333333331,median,679.019688136462
1043.0,ppb,ch4,-66.73333333333333,112.83333333333331,median,679.1398597703599
1044.0,ppb,ch4,-66.73333333333333,112.83333333333331,median,679.3171401642063
1045.0,ppb,ch4,-66.73333333333333,112.83333333333331,median,679.418587179638
1046.0,ppb,ch4,-66.73333333333333,112.83333333333331,median,679.536875522629
1047.0,ppb,ch4,-66.73333333333333,112.83333333333331,median,679.6491675073337
1048.0,ppb,ch4,-66.73333333333333,112.83333333333331,median,679.7972223354932
1049.0,ppb,ch4,-66.73333333333333,112.83333333333331,median,679.9168225978055
1050.0,ppb,ch4,-66.73333333333333,112.83333333333331,median,680.0637788001261
1051.0,ppb,ch4,-66.73333333333333,112.83333333333331,median,680.2013899450569
1052.0,ppb,ch4,-66.73333333333333,112.83333333333331,median,680.3160082813508
1053.0,ppb,ch4,-66.73333333333333,112.83333333333331,median,680.4532932580319
1054.0,ppb,ch4,-66.73333333333333,112.83333333333331,median,680.6049467144825
1055.0,ppb,ch4,-66.73333333333333,112.83333333333331,median,680.7483245228418
1056.0,ppb,ch4,-66.73333333333333,112.83333333333331,median,680.8918293809841
1057.0,ppb,ch4,-66.73333333333333,112.83333333333331,median,680.9674302164668
1058.0,ppb,ch4,-66.73333333333333,112.83333333333331,median,681.0972457150849
1059.0,ppb,ch4,-66.73333333333333,112.83333333333331,median,681.2053374004433
1060.0,ppb,ch4,-66.73333333333333,112.83333333333331,median,681.3001394926878
1061.0,ppb,ch4,-66.73333333333333,112.83333333333331,median,681.31720831962
1062.0,ppb,ch4,-66.73333333333333,112.83333333333331,median,681.2792061447769
1063.0,ppb,ch4,-66.73333333333333,112.83333333333331,median,681.3358264085675
1064.0,ppb,ch4,-66.73333333333333,112.83333333333331,median,681.3230785590532
1065.0,ppb,ch4,-66.73333333333333,112.83333333333331,median,681.4042503700896
1066.0,ppb,ch4,-66.73333333333333,112.83333333333331,median,681.3884116603465
1067.0,ppb,ch4,-66.73333333333333,112.83333333333331,median,681.4558113495812
1068.0,ppb,ch4,-66.73333333333333,112.83333333333331,median,681.4957210347923
1069.0,ppb,ch4,-66.73333333333333,112.83333333333331,median,681.5093238350387
1070.0,ppb,ch4,-66.73333333333333,112.83333333333331,median,681.534157469392
1071.0,ppb,ch4,-66.73333333333333,112.83333333333331,median,681.5436966412232
1072.0,ppb,ch4,-66.73333333333333,112.83333333333331,median,681.4143503879998
1073.0,ppb,ch4,-66.73333333333333,112.83333333333331,median,681.3239778727327
1074.0,ppb,ch4,-66.73333333333333,112.83333333333331,median,681.3871676980566
1075.0,ppb,ch4,-66.73333333333333,112.83333333333331,median,681.4487638723689
1076.0,ppb,ch4,-66.73333333333333,112.83333333333331,median,681.4134877883912
1077.0,ppb,ch4,-66.73333333333333,112.83333333333331,median,681.2627048846468
1078.0,ppb,ch4,-66.73333333333333,112.83333333333331,median,681.2680880121452
1079.0,ppb,ch4,-66.73333333333333,112.83333333333331,median,681.2755498298473
1080.0,ppb,ch4,-66.73333333333333,112.83333333333331,median,681.3289597875364
1081.0,ppb,ch4,-66.73333333333333,112.83333333333331,median,681.4524214249032
1082.0,ppb,ch4,-66.73333333333333,112.83333333333331,median,681.4971116245756
1083.0,ppb,ch4,-66.73333333333333,112.83333333333331,median,681.5870739355904
1084.0,ppb,ch4,-66.73333333333333,112.83333333333331,median,681.6438601730947
1085.0,ppb,ch4,-66.73333333333333,112.83333333333331,median,681.6148424407834
1086.0,ppb,ch4,-66.73333333333333,112.83333333333331,median,681.5486931445002
1087.0,ppb,ch4,-66.73333333333333,112.83333333333331,median,681.5591226675879
1088.0,ppb,ch4,-66.73333333333333,112.83333333333331,median,681.4550984894951
1089.0,ppb,ch4,-66.73333333333333,112.83333333333331,median,681.5372089561054
1090.0,ppb,ch4,-66.73333333333333,112.83333333333331,median,681.616686860348
1091.0,ppb,ch4,-66.73333333333333,112.83333333333331,median,681.5639357174936
1092.0,ppb,ch4,-66.73333333333333,112.83333333333331,median,681.6071978707848
1093.0,ppb,ch4,-66.73333333333333,112.83333333333331,median,681.6937147679437
1094.0,ppb,ch4,-66.73333333333333,112.83333333333331,median,681.7996075237363
1095.0,ppb,ch4,-66.73333333333333,112.83333333333331,median,681.8214692958418
1096.0,ppb,ch4,-66.73333333333333,112.83333333333331,median,681.9104967336173
1097.0,ppb,ch4,-66.73333333333333,112.83333333333331,median,681.9866559505315
1098.0,ppb,ch4,-66.73333333333333,112.83333333333331,median,682.0795483300583
1099.0,ppb,ch4,-66.73333333333333,112.83333333333331,median,682.1979488165402
1100.0,ppb,ch4,-66.73333333333333,112.83333333333331,median,682.360442083459
1101.0,ppb,ch4,-66.73333333333333,112.83333333333331,median,682.504697542874
1102.0,ppb,ch4,-66.73333333333333,112.83333333333331,median,682.6312377105128
1103.0,ppb,ch4,-66.73333333333333,112.83333333333331,median,682.7567931447179
1104.0,ppb,ch4,-66.73333333333333,112.83333333333331,median,682.8957081976487
1105.0,ppb,ch4,-66.73333333333333,112.83333333333331,median,682.9955652903759
1106.0,ppb,ch4,-66.73333333333333,112.83333333333331,median,683.1015189996886
1107.0,ppb,ch4,-66.73333333333333,112.83333333333331,median,683.2412822048071
1108.0,ppb,ch4,-66.73333333333333,112.83333333333331,median,683.3672347465414
1109.0,ppb,ch4,-66.73333333333333,112.83333333333331,median,683.4877080988795
1110.0,ppb,ch4,-66.73333333333333,112.83333333333331,median,683.5989823300745
1111.0,ppb,ch4,-66.73333333333333,112.83333333333331,median,683.7104062024326
1112.0,ppb,ch4,-66.73333333333333,112.83333333333331,median,683.8688646481448
1113.0,ppb,ch4,-66.73333333333333,112.83333333333331,median,684.026797975135
1114.0,ppb,ch4,-66.73333333333333,112.83333333333331,median,684.148565248416
1115.0,ppb,ch4,-66.73333333333333,112.83333333333331,median,684.3925023248979
1116.0,ppb,ch4,-66.73333333333333,112.83333333333331,median,684.553630263269
1117.0,ppb,ch4,-66.73333333333333,112.83333333333331,median,684.8317837597248
1118.0,ppb,ch4,-66.73333333333333,112.83333333333331,median,685.2775057699405
1119.0,ppb,ch4,-66.73333333333333,112.83333333333331,median,685.442223469781
1120.0,ppb,ch4,-66.73333333333333,112.83333333333331,median,689.4012752134618
1121.0,ppb,ch4,-66.73333333333333,112.83333333333331,median,690.2561398864359
1122.0,ppb,ch4,-66.73333333333333,112.83333333333331,median,690.6265885002761
1123.0,ppb,ch4,-66.73333333333333,112.83333333333331,median,691.0916553651755
1124.0,ppb,ch4,-66.73333333333333,112.83333333333331,median,691.3397032038627
1125.0,ppb,ch4,-66.73333333333333,112.83333333333331,median,691.4781626738893
1126.0,ppb,ch4,-66.73333333333333,112.83333333333331,median,691.6081257312279
1127.0,ppb,ch4,-66.73333333333333,112.83333333333331,median,691.7406029494973
1128.0,ppb,ch4,-66.73333333333333,112.83333333333331,median,691.9706217902235
1129.0,ppb,ch4,-66.73333333333333,112.83333333333331,median,692.0600740979216
1130.0,ppb,ch4,-66.73333333333333,112.83333333333331,median,692.1589410799637
1131.0,ppb,ch4,-66.73333333333333,112.83333333333331,median,692.1138104095629
1132.0,ppb,ch4,-66.73333333333333,112.83333333333331,median,692.1810434954024
1133.0,ppb,ch4,-66.73333333333333,112.83333333333331,median,692.2915177685542
1134.0,ppb,ch4,-66.73333333333333,112.83333333333331,median,692.314913363659
1135.0,ppb,ch4,-66.73333333333333,112.83333333333331,median,692.3456260799298
1136.0,ppb,ch4,-66.73333333333333,112.83333333333331,median,692.4036834727428
1137.0,ppb,ch4,-66.73333333333333,112.83333333333331,median,692.4964648661523
1138.0,ppb,ch4,-66.73333333333333,112.83333333333331,median,692.5819055132295
1139.0,ppb,ch4,-66.73333333333333,112.83333333333331,median,692.5686216160282
1140.0,ppb,ch4,-66.73333333333333,112.83333333333331,median,692.6937991408511
1141.0,ppb,ch4,-66.73333333333333,112.83333333333331,median,692.715516061963
1142.0,ppb,ch4,-66.73333333333333,112.83333333333331,median,692.8125368808182
1143.0,ppb,ch4,-66.73333333333333,112.83333333333331,median,692.9403498820832
1144.0,ppb,ch4,-66.73333333333333,112.83333333333331,median,693.041292748761
1145.0,ppb,ch4,-66.73333333333333,112.83333333333331,median,693.1575243428089
1146.0,ppb,ch4,-66.73333333333333,112.83333333333331,median,693.243027863759
1147.0,ppb,ch4,-66.73333333333333,112.83333333333331,median,693.3551639262575
1148.0,ppb,ch4,-66.73333333333333,112.83333333333331,median,693.465004703424
1149.0,ppb,ch4,-66.73333333333333,112.83333333333331,median,693.574934710919
1150.0,ppb,ch4,-66.73333333333333,112.83333333333331,median,693.6705699977749
1151.0,ppb,ch4,-66.73333333333333,112.83333333333331,median,693.8350093589554
1152.0,ppb,ch4,-66.73333333333333,112.83333333333331,median,693.8722394853605
1153.0,ppb,ch4,-66.73333333333333,112.83333333333331,median,694.0469203244556
1154.0,ppb,ch4,-66.73333333333333,112.83333333333331,median,694.1044227278176
1155.0,ppb,ch4,-66.73333333333333,112.83333333333331,median,694.1954893996046
1156.0,ppb,ch4,-66.73333333333333,112.83333333333331,median,694.279094694688
1157.0,ppb,ch4,-66.73333333333333,112.83333333333331,median,694.4805110295868
1158.0,ppb,ch4,-66.73333333333333,112.83333333333331,median,694.6122775859246
1159.0,ppb,ch4,-66.73333333333333,112.83333333333331,median,694.7305117703768
1160.0,ppb,ch4,-66.73333333333333,112.83333333333331,median,694.7903911253791
1161.0,ppb,ch4,-66.73333333333333,112.83333333333331,median,694.9509266418645
1162.0,ppb,ch4,-66.73333333333333,112.83333333333331,median,695.2567156595192
1163.0,ppb,ch4,-66.73333333333333,112.83333333333331,median,695.3689979084988
1164.0,ppb,ch4,-66.73333333333333,112.83333333333331,median,695.4563769268207
1165.0,ppb,ch4,-66.73333333333333,112.83333333333331,median,695.5122106987874
1166.0,ppb,ch4,-66.73333333333333,112.83333333333331,median,695.5329678887954
1167.0,ppb,ch4,-66.73333333333333,112.83333333333331,median,695.5749331831485
1168.0,ppb,ch4,-66.73333333333333,112.83333333333331,median,695.6326295544466
1169.0,ppb,ch4,-66.73333333333333,112.83333333333331,median,695.6398097736098
1170.0,ppb,ch4,-66.73333333333333,112.83333333333331,median,695.6352105791882
1171.0,ppb,ch4,-66.73333333333333,112.83333333333331,median,695.6658203604804
1172.0,ppb,ch4,-66.73333333333333,112.83333333333331,median,695.6002543985028
1173.0,ppb,ch4,-66.73333333333333,112.83333333333331,median,695.5609210010559
1174.0,ppb,ch4,-66.73333333333333,112.83333333333331,median,695.5307235136238
1175.0,ppb,ch4,-66.73333333333333,112.83333333333331,median,695.51467378698
1176.0,ppb,ch4,-66.73333333333333,112.83333333333331,median,695.4699853660147
1177.0,ppb,ch4,-66.73333333333333,112.83333333333331,median,695.4009631816
1178.0,ppb,ch4,-66.73333333333333,112.83333333333331,median,695.3068253360757
1179.0,ppb,ch4,-66.73333333333333,112.83333333333331,median,695.2179111514697
1180.0,ppb,ch4,-66.73333333333333,112.83333333333331,median,695.1222656002119
1181.0,ppb,ch4,-66.73333333333333,112.83333333333331,median,694.8044076621493
1182.0,ppb,ch4,-66.73333333333333,112.83333333333331,median,694.6714172072595
1183.0,ppb,ch4,-66.73333333333333,112.83333333333331,median,694.4991104155572
1184.0,ppb,ch4,-66.73333333333333,112.83333333333331,median,694.3473953029245
1185.0,ppb,ch4,-66.73333333333333,112.83333333333331,median,694.1863697122378
1186.0,ppb,ch4,-66.73333333333333,112.83333333333331,median,694.0350822359565
1187.0,ppb,ch4,-66.73333333333333,112.83333333333331,median,693.7882207732541
1188.0,ppb,ch4,-66.73333333333333,112.83333333333331,median,693.5423346924524
1189.0,ppb,ch4,-66.73333333333333,112.83333333333331,median,693.3469845580544
1190.0,ppb,ch4,-66.73333333333333,112.83333333333331,median,693.223689154185
1191.0,ppb,ch4,-66.73333333333333,112.83333333333331,median,693.010542489736
1192.0,ppb,ch4,-66.73333333333333,112.83333333333331,median,692.7439923023824
1193.0,ppb,ch4,-66.73333333333333,112.83333333333331,median,692.5186246680184
1194.0,ppb,ch4,-66.73333333333333,112.83333333333331,median,692.3283338679731
1195.0,ppb,ch4,-66.73333333333333,112.83333333333331,median,692.1737376623364
1196.0,ppb,ch4,-66.73333333333333,112.83333333333331,median,692.0488459980588
1197.0,ppb,ch4,-66.73333333333333,112.83333333333331,median,691.9071046153223
1198.0,ppb,ch4,-66.73333333333333,112.83333333333331,median,691.7461372450415
1199.0,ppb,ch4,-66.73333333333333,112.83333333333331,median,691.5848394156674
1200.0,ppb,ch4,-66.73333333333333,112.83333333333331,median,691.4053439898446
1201.0,ppb,ch4,-66.73333333333333,112.83333333333331,median,691.17031118419
1202.0,ppb,ch4,-66.73333333333333,112.83333333333331,median,690.9226885937338
1203.0,ppb,ch4,-66.73333333333333,112.83333333333331,median,690.782566880086
1204.0,ppb,ch4,-66.73333333333333,112.83333333333331,median,690.5618117422341
1205.0,ppb,ch4,-66.73333333333333,112.83333333333331,median,690.3932687889362
1206.0,ppb,ch4,-66.73333333333333,112.83333333333331,median,690.178428316676
1207.0,ppb,ch4,-66.73333333333333,112.83333333333331,median,689.9828202502363
1208.0,ppb,ch4,-66.73333333333333,112.83333333333331,median,689.8542169737019
1209.0,ppb,ch4,-66.73333333333333,112.83333333333331,median,689.6474385621923
1210.0,ppb,ch4,-66.73333333333333,112.83333333333331,median,689.4540757003559
1211.0,ppb,ch4,-66.73333333333333,112.83333333333331,median,689.0822277621404
1212.0,ppb,ch4,-66.73333333333333,112.83333333333331,median,688.8275289166656
1213.0,ppb,ch4,-66.73333333333333,112.83333333333331,median,688.388940463102
1214.0,ppb,ch4,-66.73333333333333,112.83333333333331,median,687.9873950902712
1215.0,ppb,ch4,-66.73333333333333,112.83333333333331,median,687.125075425171
1216.0,ppb,ch4,-66.73333333333333,112.83333333333331,median,677.1503966527907
1217.0,ppb,ch4,-66.73333333333333,112.83333333333331,median,676.1014364457424
1218.0,ppb,ch4,-66.73333333333333,112.83333333333331,median,675.6984527357058
1219.0,ppb,ch4,-66.73333333333333,112.83333333333331,median,675.3369247303835
1220.0,ppb,ch4,-66.73333333333333,112.83333333333331,median,675.0418386585611
1221.0,ppb,ch4,-66.73333333333333,112.83333333333331,median,674.8504278723467
1222.0,ppb,ch4,-66.73333333333333,112.83333333333331,median,674.7893417074988
1223.0,ppb,ch4,-66.73333333333333,112.83333333333331,median,674.792663032164
1224.0,ppb,ch4,-66.73333333333333,112.83333333333331,median,674.7756134109404
1225.0,ppb,ch4,-66.73333333333333,112.83333333333331,median,674.7963729102089
1226.0,ppb,ch4,-66.73333333333333,112.83333333333331,median,674.8537605085703
1227.0,ppb,ch4,-66.73333333333333,112.83333333333331,median,675.0945961357197
1228.0,ppb,ch4,-66.73333333333333,112.83333333333331,median,675.2948030821358
1229.0,ppb,ch4,-66.73333333333333,112.83333333333331,median,675.7194901217022
1230.0,ppb,ch4,-66.73333333333333,112.83333333333331,median,676.467284337275
1231.0,ppb,ch4,-66.73333333333333,112.83333333333331,median,678.091226865258
1232.0,ppb,ch4,-66.73333333333333,112.83333333333331,median,678.3820267639039
1233.0,ppb,ch4,-66.73333333333333,112.83333333333331,median,678.5353943834202
1234.0,ppb,ch4,-66.73333333333333,112.83333333333331,median,678.6197258716002
1235.0,ppb,ch4,-66.73333333333333,112.83333333333331,median,678.6789515447972
1236.0,ppb,ch4,-66.73333333333333,112.83333333333331,median,678.7982663968505
1237.0,ppb,ch4,-66.73333333333333,112.83333333333331,median,678.856844950609
1238.0,ppb,ch4,-66.73333333333333,112.83333333333331,median,678.8821502861913
1239.0,ppb,ch4,-66.73333333333333,112.83333333333331,median,679.0131580573106
1240.0,ppb,ch4,-66.73333333333333,112.83333333333331,median,679.0178588120237
1241.0,ppb,ch4,-66.73333333333333,112.83333333333331,median,678.945995042179
1242.0,ppb,ch4,-66.73333333333333,112.83333333333331,median,678.8837990793213
1243.0,ppb,ch4,-66.73333333333333,112.83333333333331,median,678.8010842949786
1244.0,ppb,ch4,-66.73333333333333,112.83333333333331,median,678.7460432218388
1245.0,ppb,ch4,-66.73333333333333,112.83333333333331,median,678.6526820331819
1246.0,ppb,ch4,-66.73333333333333,112.83333333333331,median,678.5912866623851
1247.0,ppb,ch4,-66.73333333333333,112.83333333333331,median,678.5475502718699
1248.0,ppb,ch4,-66.73333333333333,112.83333333333331,median,678.5184992029535
1249.0,ppb,ch4,-66.73333333333333,112.83333333333331,median,678.4191195196527
1250.0,ppb,ch4,-66.73333333333333,112.83333333333331,median,678.420153239018
1251.0,ppb,ch4,-66.73333333333333,112.83333333333331,median,678.4158217281216
1252.0,ppb,ch4,-66.73333333333333,112.83333333333331,median,678.3512069575524
1253.0,ppb,ch4,-66.73333333333333,112.83333333333331,median,678.3496361792063
1254.0,ppb,ch4,-66.73333333333333,112.83333333333331,median,678.3177470846051
1255.0,ppb,ch4,-66.73333333333333,112.83333333333331,median,678.2097821181565
1256.0,ppb,ch4,-66.73333333333333,112.83333333333331,median,678.1241614242801
1257.0,ppb,ch4,-66.73333333333333,112.83333333333331,median,678.0235183897139
1258.0,ppb,ch4,-66.73333333333333,112.83333333333331,median,677.94647046057
1259.0,ppb,ch4,-66.73333333333333,112.83333333333331,median,677.8420371859147
1260.0,ppb,ch4,-66.73333333333333,112.83333333333331,median,677.7254387889776
1261.0,ppb,ch4,-66.73333333333333,112.83333333333331,median,677.6507173539335
1262.0,ppb,ch4,-66.73333333333333,112.83333333333331,median,677.5541156883537
1263.0,ppb,ch4,-66.73333333333333,112.83333333333331,median,677.4684281255729
1264.0,ppb,ch4,-66.73333333333333,112.83333333333331,median,677.4043871745196
1265.0,ppb,ch4,-66.73333333333333,112.83333333333331,median,677.3073124069156
1266.0,ppb,ch4,-66.73333333333333,112.83333333333331,median,677.2672492046447
1267.0,ppb,ch4,-66.73333333333333,112.83333333333331,median,677.2943365020542
1268.0,ppb,ch4,-66.73333333333333,112.83333333333331,median,677.3324486579895
1269.0,ppb,ch4,-66.73333333333333,112.83333333333331,median,677.4153985952333
1270.0,ppb,ch4,-66.73333333333333,112.83333333333331,median,677.5173375633701
1271.0,ppb,ch4,-66.73333333333333,112.83333333333331,median,677.7154450670059
1272.0,ppb,ch4,-66.73333333333333,112.83333333333331,median,678.0117617016238
1273.0,ppb,ch4,-66.73333333333333,112.83333333333331,median,678.1505331820424
1274.0,ppb,ch4,-66.73333333333333,112.83333333333331,median,678.3564872650129
1275.0,ppb,ch4,-66.73333333333333,112.83333333333331,median,678.6997561524134
1276.0,ppb,ch4,-66.73333333333333,112.83333333333331,median,678.965617030759
1277.0,ppb,ch4,-66.73333333333333,112.83333333333331,median,679.2389870800785
1278.0,ppb,ch4,-66.73333333333333,112.83333333333331,median,679.4528002131556
1279.0,ppb,ch4,-66.73333333333333,112.83333333333331,median,679.6065716370549
1280.0,ppb,ch4,-66.73333333333333,112.83333333333331,median,679.7255872873516
1281.0,ppb,ch4,-66.73333333333333,112.83333333333331,median,679.8742589359134
1282.0,ppb,ch4,-66.73333333333333,112.83333333333331,median,680.0668460277536
1283.0,ppb,ch4,-66.73333333333333,112.83333333333331,median,680.2004250039327
1284.0,ppb,ch4,-66.73333333333333,112.83333333333331,median,680.2383670570816
1285.0,ppb,ch4,-66.73333333333333,112.83333333333331,median,680.1081094064782
1286.0,ppb,ch4,-66.73333333333333,112.83333333333331,median,680.0872580595889
1287.0,ppb,ch4,-66.73333333333333,112.83333333333331,median,679.9375070811386
1288.0,ppb,ch4,-66.73333333333333,112.83333333333331,median,679.819534303494
1289.0,ppb,ch4,-66.73333333333333,112.83333333333331,median,679.5500785231204
1290.0,ppb,ch4,-66.73333333333333,112.83333333333331,median,679.2784166234645
1291.0,ppb,ch4,-66.73333333333333,112.83333333333331,median,679.1391125481903
1292.0,ppb,ch4,-66.73333333333333,112.83333333333331,median,678.9163216475016
1293.0,ppb,ch4,-66.73333333333333,112.83333333333331,median,678.9777805145759
1294.0,ppb,ch4,-66.73333333333333,112.83333333333331,median,679.0205484193168
1295.0,ppb,ch4,-66.73333333333333,112.83333333333331,median,678.8220777478136
1296.0,ppb,ch4,-66.73333333333333,112.83333333333331,median,678.7030313568999
1297.0,ppb,ch4,-66.73333333333333,112.83333333333331,median,678.5021094851968
1298.0,ppb,ch4,-66.73333333333333,112.83333333333331,median,678.3382461305162
1299.0,ppb,ch4,-66.73333333333333,112.83333333333331,median,678.168322718104
1300.0,ppb,ch4,-66.73333333333333,112.83333333333331,median,678.3738973112482
1301.0,ppb,ch4,-66.73333333333333,112.83333333333331,median,678.633933028137
1302.0,ppb,ch4,-66.73333333333333,112.83333333333331,median,678.6850517195118
1303.0,ppb,ch4,-66.73333333333333,112.83333333333331,median,678.7915246732197
1304.0,ppb,ch4,-66.73333333333333,112.83333333333331,median,679.0867814847722
1305.0,ppb,ch4,-66.73333333333333,112.83333333333331,median,679.3822777843138
1306.0,ppb,ch4,-66.73333333333333,112.83333333333331,median,679.5015014019198
1307.0,ppb,ch4,-66.73333333333333,112.83333333333331,median,679.6396751512091
1308.0,ppb,ch4,-66.73333333333333,112.83333333333331,median,679.6800634196649
1309.0,ppb,ch4,-66.73333333333333,112.83333333333331,median,679.7591286232083
1310.0,ppb,ch4,-66.73333333333333,112.83333333333331,median,679.8245974883722
1311.0,ppb,ch4,-66.73333333333333,112.83333333333331,median,679.8659762922168
1312.0,ppb,ch4,-66.73333333333333,112.83333333333331,median,679.9656913120989
1313.0,ppb,ch4,-66.73333333333333,112.83333333333331,median,679.9745945624879
1314.0,ppb,ch4,-66.73333333333333,112.83333333333331,median,680.0532034675048
1315.0,ppb,ch4,-66.73333333333333,112.83333333333331,median,680.1271354951007
1316.0,ppb,ch4,-66.73333333333333,112.83333333333331,median,680.1487396783639
1317.0,ppb,ch4,-66.73333333333333,112.83333333333331,median,680.1861696717863
1318.0,ppb,ch4,-66.73333333333333,112.83333333333331,median,680.216854542304
1319.0,ppb,ch4,-66.73333333333333,112.83333333333331,median,680.2087473360546
1320.0,ppb,ch4,-66.73333333333333,112.83333333333331,median,680.1956922847799
1321.0,ppb,ch4,-66.73333333333333,112.83333333333331,median,680.1850804573392
1322.0,ppb,ch4,-66.73333333333333,112.83333333333331,median,680.1594964033559
1323.0,ppb,ch4,-66.73333333333333,112.83333333333331,median,680.1309184277013
1324.0,ppb,ch4,-66.73333333333333,112.83333333333331,median,680.1087743241329
1325.0,ppb,ch4,-66.73333333333333,112.83333333333331,median,680.0900573320054
1326.0,ppb,ch4,-66.73333333333333,112.83333333333331,median,680.0237139466722
1327.0,ppb,ch4,-66.73333333333333,112.83333333333331,median,679.9836189537655
1328.0,ppb,ch4,-66.73333333333333,112.83333333333331,median,679.8203577013172
1329.0,ppb,ch4,-66.73333333333333,112.83333333333331,median,679.7196385358254
1330.0,ppb,ch4,-66.73333333333333,112.83333333333331,median,679.540519225146
1331.0,ppb,ch4,-66.73333333333333,112.83333333333331,median,679.3475598167479
1332.0,ppb,ch4,-66.73333333333333,112.83333333333331,median,679.3028427237355
1333.0,ppb,ch4,-66.73333333333333,112.83333333333331,median,679.246285056596
1334.0,ppb,ch4,-66.73333333333333,112.83333333333331,median,679.1715000569664
1335.0,ppb,ch4,-66.73333333333333,112.83333333333331,median,678.9121291362735
1336.0,ppb,ch4,-66.73333333333333,112.83333333333331,median,678.7823004083755
1337.0,ppb,ch4,-66.73333333333333,112.83333333333331,median,677.921114038493
1338.0,ppb,ch4,-66.73333333333333,112.83333333333331,median,677.8767466738233
1339.0,ppb,ch4,-66.73333333333333,112.83333333333331,median,677.7448659584754
1340.0,ppb,ch4,-66.73333333333333,112.83333333333331,median,677.5875172165565
1341.0,ppb,ch4,-66.73333333333333,112.83333333333331,median,677.4088711300346
1342.0,ppb,ch4,-66.73333333333333,112.83333333333331,median,677.3494430409678
1343.0,ppb,ch4,-66.73333333333333,112.83333333333331,median,677.1769778076468
1344.0,ppb,ch4,-66.73333333333333,112.83333333333331,median,677.148773009008
1345.0,ppb,ch4,-66.73333333333333,112.83333333333331,median,677.0179005783483
1346.0,ppb,ch4,-66.73333333333333,112.83333333333331,median,676.970344598057
1347.0,ppb,ch4,-66.73333333333333,112.83333333333331,median,676.9478914910028
1348.0,ppb,ch4,-66.73333333333333,112.83333333333331,median,676.9207845297951
1349.0,ppb,ch4,-66.73333333333333,112.83333333333331,median,676.9234723523568
1350.0,ppb,ch4,-66.73333333333333,112.83333333333331,median,676.9627128971777
1351.0,ppb,ch4,-66.73333333333333,112.83333333333331,median,676.9847936671737
1352.0,ppb,ch4,-66.73333333333333,112.83333333333331,median,676.9769637637855
1353.0,ppb,ch4,-66.73333333333333,112.83333333333331,median,676.9798649301742
1354.0,ppb,ch4,-66.73333333333333,112.83333333333331,median,676.9379803476227
1355.0,ppb,ch4,-66.73333333333333,112.83333333333331,median,676.9843581916773
1356.0,ppb,ch4,-66.73333333333333,112.83333333333331,median,677.0215154951102
1357.0,ppb,ch4,-66.73333333333333,112.83333333333331,median,677.0028542499313
1358.0,ppb,ch4,-66.73333333333333,112.83333333333331,median,676.9444015470965
1359.0,ppb,ch4,-66.73333333333333,112.83333333333331,median,676.8751309380939
1360.0,ppb,ch4,-66.73333333333333,112.83333333333331,median,676.7401730605175
1361.0,ppb,ch4,-66.73333333333333,112.83333333333331,median,676.5962733010733
1362.0,ppb,ch4,-66.73333333333333,112.83333333333331,median,676.5095333472809
1363.0,ppb,ch4,-66.73333333333333,112.83333333333331,median,676.4721893164706
1364.0,ppb,ch4,-66.73333333333333,112.83333333333331,median,676.4172883069787
1365.0,ppb,ch4,-66.73333333333333,112.83333333333331,median,676.3845682630749
1366.0,ppb,ch4,-66.73333333333333,112.83333333333331,median,676.340462532291
1367.0,ppb,ch4,-66.73333333333333,112.83333333333331,median,676.3187449250004
1368.0,ppb,ch4,-66.73333333333333,112.83333333333331,median,676.2413514661503
1369.0,ppb,ch4,-66.73333333333333,112.83333333333331,median,676.2343578596501
1370.0,ppb,ch4,-66.73333333333333,112.83333333333331,median,676.2213740362977
1371.0,ppb,ch4,-66.73333333333333,112.83333333333331,median,676.2139240078641
1372.0,ppb,ch4,-66.73333333333333,112.83333333333331,median,676.1404767641588
1373.0,ppb,ch4,-66.73333333333333,112.83333333333331,median,676.1383024324268
1374.0,ppb,ch4,-66.73333333333333,112.83333333333331,median,676.1622068770748
1375.0,ppb,ch4,-66.73333333333333,112.83333333333331,median,676.1539741294637
1376.0,ppb,ch4,-66.73333333333333,112.83333333333331,median,676.1821062266981
1377.0,ppb,ch4,-66.73333333333333,112.83333333333331,median,676.1974665337507
1378.0,ppb,ch4,-66.73333333333333,112.83333333333331,median,676.2258440565033
1379.0,ppb,ch4,-66.73333333333333,112.83333333333331,median,676.2616389085979
1380.0,ppb,ch4,-66.73333333333333,112.83333333333331,median,676.2926322287142
1381.0,ppb,ch4,-66.73333333333333,112.83333333333331,median,676.308870785635
1382.0,ppb,ch4,-66.73333333333333,112.83333333333331,median,676.3838571696538
1383.0,ppb,ch4,-66.73333333333333,112.83333333333331,median,676.5536708395266
1384.0,ppb,ch4,-66.73333333333333,112.83333333333331,median,676.7182787718443
1385.0,ppb,ch4,-66.73333333333333,112.83333333333331,median,676.9205875300022
1386.0,ppb,ch4,-66.73333333333333,112.83333333333331,median,677.1386554650567
1387.0,ppb,ch4,-66.73333333333333,112.83333333333331,median,677.3668783605308
1388.0,ppb,ch4,-66.73333333333333,112.83333333333331,median,677.6894679059808
1389.0,ppb,ch4,-66.73333333333333,112.83333333333331,median,678.1470287068296
1390.0,ppb,ch4,-66.73333333333333,112.83333333333331,median,678.339354962419
1391.0,ppb,ch4,-66.73333333333333,112.83333333333331,median,678.756293863343
1392.0,ppb,ch4,-66.73333333333333,112.83333333333331,median,679.0217493823263
1393.0,ppb,ch4,-66.73333333333333,112.83333333333331,median,679.3686796140339
1394.0,ppb,ch4,-66.73333333333333,112.83333333333331,median,679.5803130381771
1395.0,ppb,ch4,-66.73333333333333,112.83333333333331,median,679.7408355782425
1396.0,ppb,ch4,-66.73333333333333,112.83333333333331,median,679.873199082198
1397.0,ppb,ch4,-66.73333333333333,112.83333333333331,median,679.7422155115413
1398.0,ppb,ch4,-66.73333333333333,112.83333333333331,median,679.2356941596508
1399.0,ppb,ch4,-66.73333333333333,112.83333333333331,median,679.1121165830966
1400.0,ppb,ch4,-66.73333333333333,112.83333333333331,median,679.0743032033429
1401.0,ppb,ch4,-66.73333333333333,112.83333333333331,median,679.054637531464
1402.0,ppb,ch4,-66.73333333333333,112.83333333333331,median,679.3633446261256
1403.0,ppb,ch4,-66.73333333333333,112.83333333333331,median,679.1249480846145
1404.0,ppb,ch4,-66.73333333333333,112.83333333333331,median,679.4611459166194
1405.0,ppb,ch4,-66.73333333333333,112.83333333333331,median,679.1691460752515
1406.0,ppb,ch4,-66.73333333333333,112.83333333333331,median,679.3181534800901
1407.0,ppb,ch4,-66.73333333333333,112.83333333333331,median,679.4925550330711
1408.0,ppb,ch4,-66.73333333333333,112.83333333333331,median,680.6407309372867
1409.0,ppb,ch4,-66.73333333333333,112.83333333333331,median,681.1351496459163
1410.0,ppb,ch4,-66.73333333333333,112.83333333333331,median,681.9101073153438
1411.0,ppb,ch4,-66.73333333333333,112.83333333333331,median,682.3608757177426
1412.0,ppb,ch4,-66.73333333333333,112.83333333333331,median,682.6441309789673
1413.0,ppb,ch4,-66.73333333333333,112.83333333333331,median,683.0467741572946
1414.0,ppb,ch4,-66.73333333333333,112.83333333333331,median,683.4053342485123
1415.0,ppb,ch4,-66.73333333333333,112.83333333333331,median,683.7536361427151
1416.0,ppb,ch4,-66.73333333333333,112.83333333333331,median,684.0145503535902
1417.0,ppb,ch4,-66.73333333333333,112.83333333333331,median,684.3573760766234
1418.0,ppb,ch4,-66.73333333333333,112.83333333333331,median,684.5016021721069
1419.0,ppb,ch4,-66.73333333333333,112.83333333333331,median,684.664682156237
1420.0,ppb,ch4,-66.73333333333333,112.83333333333331,median,684.8161242377596
1421.0,ppb,ch4,-66.73333333333333,112.83333333333331,median,684.961872581138
1422.0,ppb,ch4,-66.73333333333333,112.83333333333331,median,685.10064892065
1423.0,ppb,ch4,-66.73333333333333,112.83333333333331,median,685.3028921271374
1424.0,ppb,ch4,-66.73333333333333,112.83333333333331,median,685.5492425461946
1425.0,ppb,ch4,-66.73333333333333,112.83333333333331,median,685.7337162374131
1426.0,ppb,ch4,-66.73333333333333,112.83333333333331,median,685.7614643493001
1427.0,ppb,ch4,-66.73333333333333,112.83333333333331,median,685.8937678478195
1428.0,ppb,ch4,-66.73333333333333,112.83333333333331,median,686.0526871442697
1429.0,ppb,ch4,-66.73333333333333,112.83333333333331,median,686.2386787290883
1430.0,ppb,ch4,-66.73333333333333,112.83333333333331,median,686.4142274977761
1431.0,ppb,ch4,-66.73333333333333,112.83333333333331,median,686.5919913442754
1432.0,ppb,ch4,-66.73333333333333,112.83333333333331,median,686.8922915694864
1433.0,ppb,ch4,-66.73333333333333,112.83333333333331,median,687.2525976980618
1434.0,ppb,ch4,-66.73333333333333,112.83333333333331,median,687.4279016141558
1435.0,ppb,ch4,-66.73333333333333,112.83333333333331,median,687.6323231006678
1436.0,ppb,ch4,-66.73333333333333,112.83333333333331,median,687.9125857621982
1437.0,ppb,ch4,-66.73333333333333,112.83333333333331,median,688.3039893987045
1438.0,ppb,ch4,-66.73333333333333,112.83333333333331,median,688.5577909944535
1439.0,ppb,ch4,-66.73333333333333,112.83333333333331,median,688.8160988183322
1440.0,ppb,ch4,-66.73333333333333,112.83333333333331,median,689.0954603324308
1441.0,ppb,ch4,-66.73333333333333,112.83333333333331,median,689.2538564203077
1442.0,ppb,ch4,-66.73333333333333,112.83333333333331,median,689.4850168808457
1443.0,ppb,ch4,-66.73333333333333,112.83333333333331,median,689.7297324344161
1444.0,ppb,ch4,-66.73333333333333,112.83333333333331,median,690.0548519350646
1445.0,ppb,ch4,-66.73333333333333,112.83333333333331,median,690.2135257293538
1446.0,ppb,ch4,-66.73333333333333,112.83333333333331,median,690.2618469307323
1447.0,ppb,ch4,-66.73333333333333,112.83333333333331,median,690.3532201619622
1448.0,ppb,ch4,-66.73333333333333,112.83333333333331,median,690.278917535509
1449.0,ppb,ch4,-66.73333333333333,112.83333333333331,median,690.4489796502912
1450.0,ppb,ch4,-66.73333333333333,112.83333333333331,median,690.611991876903
1451.0,ppb,ch4,-66.73333333333333,112.83333333333331,median,690.7839764484545
1452.0,ppb,ch4,-66.73333333333333,112.83333333333331,median,690.8766061759663
1453.0,ppb,ch4,-66.73333333333333,112.83333333333331,median,691.0834943806216
1454.0,ppb,ch4,-66.73333333333333,112.83333333333331,median,691.2965850674373
1455.0,ppb,ch4,-66.73333333333333,112.83333333333331,median,691.4689160612844
1456.0,ppb,ch4,-66.73333333333333,112.83333333333331,median,691.5731522781962
1457.0,ppb,ch4,-66.73333333333333,112.83333333333331,median,691.6285371601036
1458.0,ppb,ch4,-66.73333333333333,112.83333333333331,median,691.703238926484
1459.0,ppb,ch4,-66.73333333333333,112.83333333333331,median,691.7208672119158
1460.0,ppb,ch4,-66.73333333333333,112.83333333333331,median,691.697632296196
1461.0,ppb,ch4,-66.73333333333333,112.83333333333331,median,691.4971780860352
1462.0,ppb,ch4,-66.73333333333333,112.83333333333331,median,691.4202212202164
1463.0,ppb,ch4,-66.73333333333333,112.83333333333331,median,691.4552842284043
1464.0,ppb,ch4,-66.73333333333333,112.83333333333331,median,691.3704299620487
1465.0,ppb,ch4,-66.73333333333333,112.83333333333331,median,691.4117580198165
1466.0,ppb,ch4,-66.73333333333333,112.83333333333331,median,691.2205908849456
1467.0,ppb,ch4,-66.73333333333333,112.83333333333331,median,691.0692962294901
1468.0,ppb,ch4,-66.73333333333333,112.83333333333331,median,691.247311096086
1469.0,ppb,ch4,-66.73333333333333,112.83333333333331,median,691.3934891844984
1470.0,ppb,ch4,-66.73333333333333,112.83333333333331,median,692.2529143420487
1471.0,ppb,ch4,-66.73333333333333,112.83333333333331,median,692.7937731379866
1472.0,ppb,ch4,-66.73333333333333,112.83333333333331,median,693.500217853962
1473.0,ppb,ch4,-66.73333333333333,112.83333333333331,median,693.8026601370536
1474.0,ppb,ch4,-66.73333333333333,112.83333333333331,median,694.3610868107846
1475.0,ppb,ch4,-66.73333333333333,112.83333333333331,median,694.6440287637204
1476.0,ppb,ch4,-66.73333333333333,112.83333333333331,median,695.048860864513
1477.0,ppb,ch4,-66.73333333333333,112.83333333333331,median,695.3460364655117
1478.0,ppb,ch4,-66.73333333333333,112.83333333333331,median,695.6672271960806
1479.0,ppb,ch4,-66.73333333333333,112.83333333333331,median,695.9711466088356
1480.0,ppb,ch4,-66.73333333333333,112.83333333333331,median,696.1854497066747
1481.0,ppb,ch4,-66.73333333333333,112.83333333333331,median,696.3465828283885
1482.0,ppb,ch4,-66.73333333333333,112.83333333333331,median,696.5093779469253
1483.0,ppb,ch4,-66.73333333333333,112.83333333333331,median,696.6691374845311
1484.0,ppb,ch4,-66.73333333333333,112.83333333333331,median,696.8858283658051
1485.0,ppb,ch4,-66.73333333333333,112.83333333333331,median,697.1484585285916
1486.0,ppb,ch4,-66.73333333333333,112.83333333333331,median,697.4646376108169
1487.0,ppb,ch4,-66.73333333333333,112.83333333333331,median,697.9758526984674
1488.0,ppb,ch4,-66.73333333333333,112.83333333333331,median,698.3785525208124
1489.0,ppb,ch4,-66.73333333333333,112.83333333333331,median,698.7685171977039
1490.0,ppb,ch4,-66.73333333333333,112.83333333333331,median,699.0774458643398
1491.0,ppb,ch4,-66.73333333333333,112.83333333333331,median,699.2724330477722
1492.0,ppb,ch4,-66.73333333333333,112.83333333333331,median,699.6307482920181
1493.0,ppb,ch4,-66.73333333333333,112.83333333333331,median,699.7924168096363
1494.0,ppb,ch4,-66.73333333333333,112.83333333333331,median,700.0490995245455
1495.0,ppb,ch4,-66.73333333333333,112.83333333333331,median,700.2478128754688
1496.0,ppb,ch4,-66.73333333333333,112.83333333333331,median,700.4508403791697
1497.0,ppb,ch4,-66.73333333333333,112.83333333333331,median,700.6968846870077
1498.0,ppb,ch4,-66.73333333333333,112.83333333333331,median,701.1361193672419
1499.0,ppb,ch4,-66.73333333333333,112.83333333333331,median,701.4328189390812
1500.0,ppb,ch4,-66.73333333333333,112.83333333333331,median,701.6259898647722
1501.0,ppb,ch4,-66.73333333333333,112.83333333333331,median,701.89854868253
1502.0,ppb,ch4,-66.73333333333333,112.83333333333331,median,702.2145469684515
1503.0,ppb,ch4,-66.73333333333333,112.83333333333331,median,702.9988973770887
1504.0,ppb,ch4,-66.73333333333333,112.83333333333331,median,703.7977039399461
1505.0,ppb,ch4,-66.73333333333333,112.83333333333331,median,704.666764800937
1506.0,ppb,ch4,-66.73333333333333,112.83333333333331,median,705.2698028258856
1507.0,ppb,ch4,-66.73333333333333,112.83333333333331,median,705.512997601038
1508.0,ppb,ch4,-66.73333333333333,112.83333333333331,median,705.5567120655296
1509.0,ppb,ch4,-66.73333333333333,112.83333333333331,median,705.6586474015835
1510.0,ppb,ch4,-66.73333333333333,112.83333333333331,median,705.6836270226595
1511.0,ppb,ch4,-66.73333333333333,112.83333333333331,median,705.7908851310744
1512.0,ppb,ch4,-66.73333333333333,112.83333333333331,median,705.8475606702068
1513.0,ppb,ch4,-66.73333333333333,112.83333333333331,median,706.0439464996039
1514.0,ppb,ch4,-66.73333333333333,112.83333333333331,median,706.1525055430338
1515.0,ppb,ch4,-66.73333333333333,112.83333333333331,median,706.3058656586709
1516.0,ppb,ch4,-66.73333333333333,112.83333333333331,median,706.4583892049568
1517.0,ppb,ch4,-66.73333333333333,112.83333333333331,median,706.5299546305141
1518.0,ppb,ch4,-66.73333333333333,112.83333333333331,median,706.5581915976145
1519.0,ppb,ch4,-66.73333333333333,112.83333333333331,median,706.5627931372155
1520.0,ppb,ch4,-66.73333333333333,112.83333333333331,median,706.6187666283995
1521.0,ppb,ch4,-66.73333333333333,112.83333333333331,median,706.690169338809
1522.0,ppb,ch4,-66.73333333333333,112.83333333333331,median,706.6868586209321
1523.0,ppb,ch4,-66.73333333333333,112.83333333333331,median,706.6717165017171
1524.0,ppb,ch4,-66.73333333333333,112.83333333333331,median,706.6361233972475
1525.0,ppb,ch4,-66.73333333333333,112.83333333333331,median,706.5757387827371
1526.0,ppb,ch4,-66.73333333333333,112.83333333333331,median,706.4952737959611
1527.0,ppb,ch4,-66.73333333333333,112.83333333333331,median,706.4809926720318
1528.0,ppb,ch4,-66.73333333333333,112.83333333333331,median,706.40372405264
1529.0,ppb,ch4,-66.73333333333333,112.83333333333331,median,706.2403516682475
1530.0,ppb,ch4,-66.73333333333333,112.83333333333331,median,706.0995376598939
1531.0,ppb,ch4,-66.73333333333333,112.83333333333331,median,705.9294438748248
1532.0,ppb,ch4,-66.73333333333333,112.83333333333331,median,705.6975722187772
1533.0,ppb,ch4,-66.73333333333333,112.83333333333331,median,705.4777423478013
1534.0,ppb,ch4,-66.73333333333333,112.83333333333331,median,704.556706413573
1535.0,ppb,ch4,-66.73333333333333,112.83333333333331,median,703.564417300317
1536.0,ppb,ch4,-66.73333333333333,112.83333333333331,median,703.1320313458591
1537.0,ppb,ch4,-66.73333333333333,112.83333333333331,median,702.7317482916806
1538.0,ppb,ch4,-66.73333333333333,112.83333333333331,median,702.5834609720132
1539.0,ppb,ch4,-66.73333333333333,112.83333333333331,median,702.4403273601247
1540.0,ppb,ch4,-66.73333333333333,112.83333333333331,median,702.3285674357708
1541.0,ppb,ch4,-66.73333333333333,112.83333333333331,median,702.6419908032108
1542.0,ppb,ch4,-66.73333333333333,112.83333333333331,median,702.7151563505636
1543.0,ppb,ch4,-66.73333333333333,112.83333333333331,median,702.709323676329
1544.0,ppb,ch4,-66.73333333333333,112.83333333333331,median,702.9026058580048
1545.0,ppb,ch4,-66.73333333333333,112.83333333333331,median,702.9369458421943
1546.0,ppb,ch4,-66.73333333333333,112.83333333333331,median,702.1268342263388
1547.0,ppb,ch4,-66.73333333333333,112.83333333333331,median,701.3870102728245
1548.0,ppb,ch4,-66.73333333333333,112.83333333333331,median,700.9736618223442
1549.0,ppb,ch4,-66.73333333333333,112.83333333333331,median,700.9250874894656
1550.0,ppb,ch4,-66.73333333333333,112.83333333333331,median,700.7242409955102
1551.0,ppb,ch4,-66.73333333333333,112.83333333333331,median,700.2776551891839
1552.0,ppb,ch4,-66.73333333333333,112.83333333333331,median,699.9298114492922
1553.0,ppb,ch4,-66.73333333333333,112.83333333333331,median,699.5544149957486
1554.0,ppb,ch4,-66.73333333333333,112.83333333333331,median,698.8815678098726
1555.0,ppb,ch4,-66.73333333333333,112.83333333333331,median,698.3130383868295
1556.0,ppb,ch4,-66.73333333333333,112.83333333333331,median,697.5573621932474
1557.0,ppb,ch4,-66.73333333333333,112.83333333333331,median,697.0030842854961
1558.0,ppb,ch4,-66.73333333333333,112.83333333333331,median,696.6531860986943
1559.0,ppb,ch4,-66.73333333333333,112.83333333333331,median,696.4189554228923
1560.0,ppb,ch4,-66.73333333333333,112.83333333333331,median,696.2135468151849
1561.0,ppb,ch4,-66.73333333333333,112.83333333333331,median,696.0158359280008
1562.0,ppb,ch4,-66.73333333333333,112.83333333333331,median,695.8298772384749
1563.0,ppb,ch4,-66.73333333333333,112.83333333333331,median,695.6510217282168
1564.0,ppb,ch4,-66.73333333333333,112.83333333333331,median,695.4890986691423
1565.0,ppb,ch4,-66.73333333333333,112.83333333333331,median,695.3168371425712
1566.0,ppb,ch4,-66.73333333333333,112.83333333333331,median,695.1292200229844
1567.0,ppb,ch4,-66.73333333333333,112.83333333333331,median,694.9206603235706
1568.0,ppb,ch4,-66.73333333333333,112.83333333333331,median,694.7697454579034
1569.0,ppb,ch4,-66.73333333333333,112.83333333333331,median,694.5674119551236
1570.0,ppb,ch4,-66.73333333333333,112.83333333333331,median,694.2943727636867
1571.0,ppb,ch4,-66.73333333333333,112.83333333333331,median,694.0179290744823
1572.0,ppb,ch4,-66.73333333333333,112.83333333333331,median,693.76694517591
1573.0,ppb,ch4,-66.73333333333333,112.83333333333331,median,693.4889953625083
1574.0,ppb,ch4,-66.73333333333333,112.83333333333331,median,693.1930410870498
1575.0,ppb,ch4,-66.73333333333333,112.83333333333331,median,692.94842202667
1576.0,ppb,ch4,-66.73333333333333,112.83333333333331,median,692.7013960905192
1577.0,ppb,ch4,-66.73333333333333,112.83333333333331,median,692.4470025886985
1578.0,ppb,ch4,-66.73333333333333,112.83333333333331,median,692.2084131543461
1579.0,ppb,ch4,-66.73333333333333,112.83333333333331,median,691.9244430782292
1580.0,ppb,ch4,-66.73333333333333,112.83333333333331,median,691.5852693984716
1581.0,ppb,ch4,-66.73333333333333,112.83333333333331,median,691.2986172997173
1582.0,ppb,ch4,-66.73333333333333,112.83333333333331,median,691.0421596836259
1583.0,ppb,ch4,-66.73333333333333,112.83333333333331,median,690.744960677057
1584.0,ppb,ch4,-66.73333333333333,112.83333333333331,median,690.4931132955458
1585.0,ppb,ch4,-66.73333333333333,112.83333333333331,median,690.3059969656488
1586.0,ppb,ch4,-66.73333333333333,112.83333333333331,median,690.1003482019905
1587.0,ppb,ch4,-66.73333333333333,112.83333333333331,median,689.9357833326112
1588.0,ppb,ch4,-66.73333333333333,112.83333333333331,median,689.7352133546506
1589.0,ppb,ch4,-66.73333333333333,112.83333333333331,median,689.5511696746944
1590.0,ppb,ch4,-66.73333333333333,112.83333333333331,median,689.355001051269
1591.0,ppb,ch4,-66.73333333333333,112.83333333333331,median,689.2241141139398
1592.0,ppb,ch4,-66.73333333333333,112.83333333333331,median,689.1503402076373
1593.0,ppb,ch4,-66.73333333333333,112.83333333333331,median,689.0507112246937
1594.0,ppb,ch4,-66.73333333333333,112.83333333333331,median,688.9344011475309
1595.0,ppb,ch4,-66.73333333333333,112.83333333333331,median,688.825893255219
1596.0,ppb,ch4,-66.73333333333333,112.83333333333331,median,688.7184763389414
1597.0,ppb,ch4,-66.73333333333333,112.83333333333331,median,688.5570057520526
1598.0,ppb,ch4,-66.73333333333333,112.83333333333331,median,688.38198132568
1599.0,ppb,ch4,-66.73333333333333,112.83333333333331,median,688.2322776183019
1600.0,ppb,ch4,-66.73333333333333,112.83333333333331,median,688.0506507068303
1601.0,ppb,ch4,-66.73333333333333,112.83333333333331,median,687.9182711173971
1602.0,ppb,ch4,-66.73333333333333,112.83333333333331,median,687.7930724191597
1603.0,ppb,ch4,-66.73333333333333,112.83333333333331,median,687.6401717282197
1604.0,ppb,ch4,-66.73333333333333,112.83333333333331,median,687.5013830353723
1605.0,ppb,ch4,-66.73333333333333,112.83333333333331,median,687.4060687097021
1606.0,ppb,ch4,-66.73333333333333,112.83333333333331,median,687.2579928658711
1607.0,ppb,ch4,-66.73333333333333,112.83333333333331,median,687.1079970574801
1608.0,ppb,ch4,-66.73333333333333,112.83333333333331,median,686.9675630683455
1609.0,ppb,ch4,-66.73333333333333,112.83333333333331,median,686.8073275047905
1610.0,ppb,ch4,-66.73333333333333,112.83333333333331,median,686.7089082492512
1611.0,ppb,ch4,-66.73333333333333,112.83333333333331,median,686.5956025303649
1612.0,ppb,ch4,-66.73333333333333,112.83333333333331,median,686.5510397628832
1613.0,ppb,ch4,-66.73333333333333,112.83333333333331,median,686.424568976538
1614.0,ppb,ch4,-66.73333333333333,112.83333333333331,median,686.3774362246209
1615.0,ppb,ch4,-66.73333333333333,112.83333333333331,median,686.344182984049
1616.0,ppb,ch4,-66.73333333333333,112.83333333333331,median,686.234370154034
1617.0,ppb,ch4,-66.73333333333333,112.83333333333331,median,686.174395653002
1618.0,ppb,ch4,-66.73333333333333,112.83333333333331,median,686.088490030017
1619.0,ppb,ch4,-66.73333333333333,112.83333333333331,median,686.0411534922091
1620.0,ppb,ch4,-66.73333333333333,112.83333333333331,median,685.9167411315943
1621.0,ppb,ch4,-66.73333333333333,112.83333333333331,median,685.8592008046421
1622.0,ppb,ch4,-66.73333333333333,112.83333333333331,median,685.9395450273691
1623.0,ppb,ch4,-66.73333333333333,112.83333333333331,median,685.9338878913218
1624.0,ppb,ch4,-66.73333333333333,112.83333333333331,median,685.8395818224014
1625.0,ppb,ch4,-66.73333333333333,112.83333333333331,median,685.771915185255
1626.0,ppb,ch4,-66.73333333333333,112.83333333333331,median,685.6390127868262
1627.0,ppb,ch4,-66.73333333333333,112.83333333333331,median,685.5934269894751
1628.0,ppb,ch4,-66.73333333333333,112.83333333333331,median,685.4640650006131
1629.0,ppb,ch4,-66.73333333333333,112.83333333333331,median,685.4000884943132
1630.0,ppb,ch4,-66.73333333333333,112.83333333333331,median,685.38094183067
1631.0,ppb,ch4,-66.73333333333333,112.83333333333331,median,685.3778435779184
1632.0,ppb,ch4,-66.73333333333333,112.83333333333331,median,685.409235539187
1633.0,ppb,ch4,-66.73333333333333,112.83333333333331,median,685.5246535095207
1634.0,ppb,ch4,-66.73333333333333,112.83333333333331,median,685.4654971322022
1635.0,ppb,ch4,-66.73333333333333,112.83333333333331,median,685.4690289687956
1636.0,ppb,ch4,-66.73333333333333,112.83333333333331,median,685.4272741165951
1637.0,ppb,ch4,-66.73333333333333,112.83333333333331,median,685.4379860062031
1638.0,ppb,ch4,-66.73333333333333,112.83333333333331,median,685.609770756568
1639.0,ppb,ch4,-66.73333333333333,112.83333333333331,median,685.6165864236167
1640.0,ppb,ch4,-66.73333333333333,112.83333333333331,median,685.5909616281352
1641.0,ppb,ch4,-66.73333333333333,112.83333333333331,median,685.535823903946
1642.0,ppb,ch4,-66.73333333333333,112.83333333333331,median,685.4755853666982
1643.0,ppb,ch4,-66.73333333333333,112.83333333333331,median,685.4440528084133
1644.0,ppb,ch4,-66.73333333333333,112.83333333333331,median,685.4618454224385
1645.0,ppb,ch4,-66.73333333333333,112.83333333333331,median,685.4345080560796
1646.0,ppb,ch4,-66.73333333333333,112.83333333333331,median,685.4027544773412
1647.0,ppb,ch4,-66.73333333333333,112.83333333333331,median,685.3373121206498
1648.0,ppb,ch4,-66.73333333333333,112.83333333333331,median,685.1936160200529
1649.0,ppb,ch4,-66.73333333333333,112.83333333333331,median,685.1367109190289
1650.0,ppb,ch4,-66.73333333333333,112.83333333333331,median,685.0741191348224
1651.0,ppb,ch4,-66.73333333333333,112.83333333333331,median,684.9444293416224
1652.0,ppb,ch4,-66.73333333333333,112.83333333333331,median,684.9044104163261
1653.0,ppb,ch4,-66.73333333333333,112.83333333333331,median,684.7032968675928
1654.0,ppb,ch4,-66.73333333333333,112.83333333333331,median,684.6215655036347
1655.0,ppb,ch4,-66.73333333333333,112.83333333333331,median,684.5841944482991
1656.0,ppb,ch4,-66.73333333333333,112.83333333333331,median,684.7258229025035
1657.0,ppb,ch4,-66.73333333333333,112.83333333333331,median,684.9242389393686
1658.0,ppb,ch4,-66.73333333333333,112.83333333333331,median,685.1583527089964
1659.0,ppb,ch4,-66.73333333333333,112.83333333333331,median,685.5025204578251
1660.0,ppb,ch4,-66.73333333333333,112.83333333333331,median,686.1553170497398
1661.0,ppb,ch4,-66.73333333333333,112.83333333333331,median,689.593513975833
1662.0,ppb,ch4,-66.73333333333333,112.83333333333331,median,690.0921843267195
1663.0,ppb,ch4,-66.73333333333333,112.83333333333331,median,690.2605866246257
1664.0,ppb,ch4,-66.73333333333333,112.83333333333331,median,690.4908004211968
1665.0,ppb,ch4,-66.73333333333333,112.83333333333331,median,690.7310355724798
1666.0,ppb,ch4,-66.73333333333333,112.83333333333331,median,690.9958457595174
1667.0,ppb,ch4,-66.73333333333333,112.83333333333331,median,691.0870480792914
1668.0,ppb,ch4,-66.73333333333333,112.83333333333331,median,691.0948477613356
1669.0,ppb,ch4,-66.73333333333333,112.83333333333331,median,691.1967226079
1670.0,ppb,ch4,-66.73333333333333,112.83333333333331,median,691.5615410256937
1671.0,ppb,ch4,-66.73333333333333,112.83333333333331,median,691.8033086043743
1672.0,ppb,ch4,-66.73333333333333,112.83333333333331,median,691.9165952122712
1673.0,ppb,ch4,-66.73333333333333,112.83333333333331,median,692.1216959235389
1674.0,ppb,ch4,-66.73333333333333,112.83333333333331,median,692.3083660138464
1675.0,ppb,ch4,-66.73333333333333,112.83333333333331,median,692.3615721400693
1676.0,ppb,ch4,-66.73333333333333,112.83333333333331,median,692.5273430717057
1677.0,ppb,ch4,-66.73333333333333,112.83333333333331,median,692.8052872078247
1678.0,ppb,ch4,-66.73333333333333,112.83333333333331,median,692.9367043138727
1679.0,ppb,ch4,-66.73333333333333,112.83333333333331,median,692.938389909013
1680.0,ppb,ch4,-66.73333333333333,112.83333333333331,median,692.7500979839579
1681.0,ppb,ch4,-66.73333333333333,112.83333333333331,median,692.3582629997445
1682.0,ppb,ch4,-66.73333333333333,112.83333333333331,median,691.9902013146093
1683.0,ppb,ch4,-66.73333333333333,112.83333333333331,median,691.3159481017842
1684.0,ppb,ch4,-66.73333333333333,112.83333333333331,median,690.8829532344057
1685.0,ppb,ch4,-66.73333333333333,112.83333333333331,median,690.6566117620443
1686.0,ppb,ch4,-66.73333333333333,112.83333333333331,median,690.3801379348433
1687.0,ppb,ch4,-66.73333333333333,112.83333333333331,median,689.7943972609446
1688.0,ppb,ch4,-66.73333333333333,112.83333333333331,median,689.2780435358077
1689.0,ppb,ch4,-66.73333333333333,112.83333333333331,median,688.6083770711737
1690.0,ppb,ch4,-66.73333333333333,112.83333333333331,median,687.8486665863486
1691.0,ppb,ch4,-66.73333333333333,112.83333333333331,median,686.8651449311556
1692.0,ppb,ch4,-66.73333333333333,112.83333333333331,median,685.9193876497598
1693.0,ppb,ch4,-66.73333333333333,112.83333333333331,median,685.8511427445792
1694.0,ppb,ch4,-66.73333333333333,112.83333333333331,median,685.6447008252289
1695.0,ppb,ch4,-66.73333333333333,112.83333333333331,median,685.6379163458528
1696.0,ppb,ch4,-66.73333333333333,112.83333333333331,median,685.7365322873184
1697.0,ppb,ch4,-66.73333333333333,112.83333333333331,median,685.906089266753
1698.0,ppb,ch4,-66.73333333333333,112.83333333333331,median,686.1817683863374
1699.0,ppb,ch4,-66.73333333333333,112.83333333333331,median,686.4852258922856
1700.0,ppb,ch4,-66.73333333333333,112.83333333333331,median,686.6552035933983
1701.0,ppb,ch4,-66.73333333333333,112.83333333333331,median,686.8808367137644
1702.0,ppb,ch4,-66.73333333333333,112.83333333333331,median,687.1105279323638
1703.0,ppb,ch4,-66.73333333333333,112.83333333333331,median,687.3629287573985
1704.0,ppb,ch4,-66.73333333333333,112.83333333333331,median,687.6490622715282
1705.0,ppb,ch4,-66.73333333333333,112.83333333333331,median,687.8821941410506
1706.0,ppb,ch4,-66.73333333333333,112.83333333333331,median,688.1078165676627
1707.0,ppb,ch4,-66.73333333333333,112.83333333333331,median,688.0761348952683
1708.0,ppb,ch4,-66.73333333333333,112.83333333333331,median,688.1241718795009
1709.0,ppb,ch4,-66.73333333333333,112.83333333333331,median,687.6903453115574
1710.0,ppb,ch4,-66.73333333333333,112.83333333333331,median,687.7727982734259
1711.0,ppb,ch4,-66.73333333333333,112.83333333333331,median,687.886706076365
1712.0,ppb,ch4,-66.73333333333333,112.83333333333331,median,688.121747870453
1713.0,ppb,ch4,-66.73333333333333,112.83333333333331,median,688.4723651812783
1714.0,ppb,ch4,-66.73333333333333,112.83333333333331,median,688.8232957497239
1715.0,ppb,ch4,-66.73333333333333,112.83333333333331,median,689.1419550483506
1716.0,ppb,ch4,-66.73333333333333,112.83333333333331,median,689.5354580493786
1717.0,ppb,ch4,-66.73333333333333,112.83333333333331,median,689.8114410792323
1718.0,ppb,ch4,-66.73333333333333,112.83333333333331,median,690.0388807605777
1719.0,ppb,ch4,-66.73333333333333,112.83333333333331,median,690.1631235325094
1720.0,ppb,ch4,-66.73333333333333,112.83333333333331,median,690.1915875453151
1721.0,ppb,ch4,-66.73333333333333,112.83333333333331,median,690.4017902308151
1722.0,ppb,ch4,-66.73333333333333,112.83333333333331,median,690.7453738821187
1723.0,ppb,ch4,-66.73333333333333,112.83333333333331,median,690.9586019416283
1724.0,ppb,ch4,-66.73333333333333,112.83333333333331,median,691.328070900664
1725.0,ppb,ch4,-66.73333333333333,112.83333333333331,median,691.5544542376892
1726.0,ppb,ch4,-66.73333333333333,112.83333333333331,median,691.7748104218063
1727.0,ppb,ch4,-66.73333333333333,112.83333333333331,median,691.9821001785294
1728.0,ppb,ch4,-66.73333333333333,112.83333333333331,median,692.5026963497467
1729.0,ppb,ch4,-66.73333333333333,112.83333333333331,median,693.8968501016079
1730.0,ppb,ch4,-66.73333333333333,112.83333333333331,median,694.602598738712
1731.0,ppb,ch4,-66.73333333333333,112.83333333333331,median,695.3491808052531
1732.0,ppb,ch4,-66.73333333333333,112.83333333333331,median,696.0082348151345
1733.0,ppb,ch4,-66.73333333333333,112.83333333333331,median,696.4312406071704
1734.0,ppb,ch4,-66.73333333333333,112.83333333333331,median,696.7788489724908
1735.0,ppb,ch4,-66.73333333333333,112.83333333333331,median,696.0786210476799
1736.0,ppb,ch4,-66.73333333333333,112.83333333333331,median,694.9710917248794
1737.0,ppb,ch4,-66.73333333333333,112.83333333333331,median,694.7188050355398
1738.0,ppb,ch4,-66.73333333333333,112.83333333333331,median,694.8769160519623
1739.0,ppb,ch4,-66.73333333333333,112.83333333333331,median,695.4307067248701
1740.0,ppb,ch4,-66.73333333333333,112.83333333333331,median,696.5871654849925
1741.0,ppb,ch4,-66.73333333333333,112.83333333333331,median,697.8100681654178
1742.0,ppb,ch4,-66.73333333333333,112.83333333333331,median,699.0215263092168
1743.0,ppb,ch4,-66.73333333333333,112.83333333333331,median,700.5950254809504
1744.0,ppb,ch4,-66.73333333333333,112.83333333333331,median,701.9190853208343
1745.0,ppb,ch4,-66.73333333333333,112.83333333333331,median,702.9669057376123
1746.0,ppb,ch4,-66.73333333333333,112.83333333333331,median,703.7622904871073
1747.0,ppb,ch4,-66.73333333333333,112.83333333333331,median,704.3559324010985
1748.0,ppb,ch4,-66.73333333333333,112.83333333333331,median,704.9976717729262
1749.0,ppb,ch4,-66.73333333333333,112.83333333333331,median,705.6913450019961
1750.0,ppb,ch4,-66.73333333333333,112.83333333333331,median,706.7215208996004
1751.0,ppb,ch4,-66.73333333333333,112.83333333333331,median,707.5788749404201
1752.0,ppb,ch4,-66.73333333333333,112.83333333333331,median,708.461874390021
1753.0,ppb,ch4,-66.73333333333333,112.83333333333331,median,709.4280856600963
1754.0,ppb,ch4,-66.73333333333333,112.83333333333331,median,710.0947029678719
1755.0,ppb,ch4,-66.73333333333333,112.83333333333331,median,710.742852444062
1756.0,ppb,ch4,-66.73333333333333,112.83333333333331,median,711.2990410644488
1757.0,ppb,ch4,-66.73333333333333,112.83333333333331,median,711.997953139562
1758.0,ppb,ch4,-66.73333333333333,112.83333333333331,median,712.4811842890692
1759.0,ppb,ch4,-66.73333333333333,112.83333333333331,median,712.9004344416732
1760.0,ppb,ch4,-66.73333333333333,112.83333333333331,median,713.4355502682554
1761.0,ppb,ch4,-66.73333333333333,112.83333333333331,median,713.8510408867239
1762.0,ppb,ch4,-66.73333333333333,112.83333333333331,median,714.2198095409716
1763.0,ppb,ch4,-66.73333333333333,112.83333333333331,median,714.505312502808
1764.0,ppb,ch4,-66.73333333333333,112.83333333333331,median,714.8283019283863
1765.0,ppb,ch4,-66.73333333333333,112.83333333333331,median,715.0523970658178
1766.0,ppb,ch4,-66.73333333333333,112.83333333333331,median,715.2302235361094
1767.0,ppb,ch4,-66.73333333333333,112.83333333333331,median,715.3831557445019
1768.0,ppb,ch4,-66.73333333333333,112.83333333333331,median,715.6644013344721
1769.0,ppb,ch4,-66.73333333333333,112.83333333333331,median,716.0153359242613
1770.0,ppb,ch4,-66.73333333333333,112.83333333333331,median,716.3812179915949
1771.0,ppb,ch4,-66.73333333333333,112.83333333333331,median,716.7739707821875
1772.0,ppb,ch4,-66.73333333333333,112.83333333333331,median,717.1948942754807
1773.0,ppb,ch4,-66.73333333333333,112.83333333333331,median,717.735141795637
1774.0,ppb,ch4,-66.73333333333333,112.83333333333331,median,718.2608998176747
1775.0,ppb,ch4,-66.73333333333333,112.83333333333331,median,718.7194826570244
1776.0,ppb,ch4,-66.73333333333333,112.83333333333331,median,719.258003741531
1777.0,ppb,ch4,-66.73333333333333,112.83333333333331,median,719.7942079385166
1778.0,ppb,ch4,-66.73333333333333,112.83333333333331,median,720.2868648414478
1779.0,ppb,ch4,-66.73333333333333,112.83333333333331,median,720.8892799762612
1780.0,ppb,ch4,-66.73333333333333,112.83333333333331,median,721.5709808203728
1781.0,ppb,ch4,-66.73333333333333,112.83333333333331,median,722.2980782385802
1782.0,ppb,ch4,-66.73333333333333,112.83333333333331,median,722.7963390216778
1783.0,ppb,ch4,-66.73333333333333,112.83333333333331,median,723.3406712369883
1784.0,ppb,ch4,-66.73333333333333,112.83333333333331,median,723.9394054617355
1785.0,ppb,ch4,-66.73333333333333,112.83333333333331,median,724.5187542099438
1786.0,ppb,ch4,-66.73333333333333,112.83333333333331,median,725.1096788481441
1787.0,ppb,ch4,-66.73333333333333,112.83333333333331,median,725.7219867607928
1788.0,ppb,ch4,-66.73333333333333,112.83333333333331,median,726.2870807001191
1789.0,ppb,ch4,-66.73333333333333,112.83333333333331,median,726.8945764384048
1790.0,ppb,ch4,-66.73333333333333,112.83333333333331,median,727.5140586751263
1791.0,ppb,ch4,-66.73333333333333,112.83333333333331,median,728.1145034630758
1792.0,ppb,ch4,-66.73333333333333,112.83333333333331,median,728.7769524870632
1793.0,ppb,ch4,-66.73333333333333,112.83333333333331,median,729.4404011147781
1794.0,ppb,ch4,-66.73333333333333,112.83333333333331,median,730.0833462858095
1795.0,ppb,ch4,-66.73333333333333,112.83333333333331,median,730.5628139871951
1796.0,ppb,ch4,-66.73333333333333,112.83333333333331,median,731.1865144742223
1797.0,ppb,ch4,-66.73333333333333,112.83333333333331,median,731.7919367373288
1798.0,ppb,ch4,-66.73333333333333,112.83333333333331,median,732.3133962580268
1799.0,ppb,ch4,-66.73333333333333,112.83333333333331,median,732.8571091504491
1800.0,ppb,ch4,-66.73333333333333,112.83333333333331,median,733.6103636629978
1801.0,ppb,ch4,-66.73333333333333,112.83333333333331,median,734.4237647441223
1802.0,ppb,ch4,-66.73333333333333,112.83333333333331,median,735.2432179428124
1803.0,ppb,ch4,-66.73333333333333,112.83333333333331,median,735.9464045050536
1804.0,ppb,ch4,-66.73333333333333,112.83333333333331,median,736.8260571922929
1805.0,ppb,ch4,-66.73333333333333,112.83333333333331,median,737.7156177434681
1806.0,ppb,ch4,-66.73333333333333,112.83333333333331,median,738.6252752077198
1807.0,ppb,ch4,-66.73333333333333,112.83333333333331,median,739.5732781861116
1808.0,ppb,ch4,-66.73333333333333,112.83333333333331,median,740.5548876313696
1809.0,ppb,ch4,-66.73333333333333,112.83333333333331,median,741.5192558637827
1810.0,ppb,ch4,-66.73333333333333,112.83333333333331,median,742.4597250292263
1811.0,ppb,ch4,-66.73333333333333,112.83333333333331,median,743.2444778161826
1812.0,ppb,ch4,-66.73333333333333,112.83333333333331,median,744.04480496633
1813.0,ppb,ch4,-66.73333333333333,112.83333333333331,median,745.0638304255863
1814.0,ppb,ch4,-66.73333333333333,112.83333333333331,median,746.4024466767369
1815.0,ppb,ch4,-66.73333333333333,112.83333333333331,median,747.7418422343703
1816.0,ppb,ch4,-66.73333333333333,112.83333333333331,median,749.1502560526076
1817.0,ppb,ch4,-66.73333333333333,112.83333333333331,median,750.565262062433
1818.0,ppb,ch4,-66.73333333333333,112.83333333333331,median,751.8685314242657
1819.0,ppb,ch4,-66.73333333333333,112.83333333333331,median,753.0605633137552
1820.0,ppb,ch4,-66.73333333333333,112.83333333333331,median,754.3485270929377
1821.0,ppb,ch4,-66.73333333333333,112.83333333333331,median,755.694833786717
1822.0,ppb,ch4,-66.73333333333333,112.83333333333331,median,756.7683517797777
1823.0,ppb,ch4,-66.73333333333333,112.83333333333331,median,757.6842291490229
1824.0,ppb,ch4,-66.73333333333333,112.83333333333331,median,758.67213041594
1825.0,ppb,ch4,-66.73333333333333,112.83333333333331,median,759.5826248910798
1826.0,ppb,ch4,-66.73333333333333,112.83333333333331,median,760.4621160035131
1827.0,ppb,ch4,-66.73333333333333,112.83333333333331,median,761.2197161193253
1828.0,ppb,ch4,-66.73333333333333,112.83333333333331,median,761.927773073965
1829.0,ppb,ch4,-66.73333333333333,112.83333333333331,median,762.7299119286326
1830.0,ppb,ch4,-66.73333333333333,112.83333333333331,median,763.4614698634464
1831.0,ppb,ch4,-66.73333333333333,112.83333333333331,median,764.1487933238204
1832.0,ppb,ch4,-66.73333333333333,112.83333333333331,median,764.8500175984263
1833.0,ppb,ch4,-66.73333333333333,112.83333333333331,median,765.665655572865
1834.0,ppb,ch4,-66.73333333333333,112.83333333333331,median,766.5932322713415
1835.0,ppb,ch4,-66.73333333333333,112.83333333333331,median,767.5765281591521
1836.0,ppb,ch4,-66.73333333333333,112.83333333333331,median,768.62671118453
1837.0,ppb,ch4,-66.73333333333333,112.83333333333331,median,769.265332488605
1838.0,ppb,ch4,-66.73333333333333,112.83333333333331,median,769.7907432152351
1839.0,ppb,ch4,-66.73333333333333,112.83333333333331,median,770.2547609417525
1840.0,ppb,ch4,-66.73333333333333,112.83333333333331,median,770.4288444527829
1841.0,ppb,ch4,-66.73333333333333,112.83333333333331,median,770.7995611818078
1842.0,ppb,ch4,-66.73333333333333,112.83333333333331,median,771.4846386354693
1843.0,ppb,ch4,-66.73333333333333,112.83333333333331,median,772.3684156322779
1844.0,ppb,ch4,-66.73333333333333,112.83333333333331,median,773.5390292586999
1845.0,ppb,ch4,-66.73333333333333,112.83333333333331,median,775.2409794258274
1846.0,ppb,ch4,-66.73333333333333,112.83333333333331,median,776.3528184139068
1847.0,ppb,ch4,-66.73333333333333,112.83333333333331,median,777.3177473562464
1848.0,ppb,ch4,-66.73333333333333,112.83333333333331,median,777.944244609067
1849.0,ppb,ch4,-66.73333333333333,112.83333333333331,median,778.7222857801935
1850.0,ppb,ch4,-66.73333333333333,112.83333333333331,median,779.2778778670981
1851.0,ppb,ch4,-66.73333333333333,112.83333333333331,median,779.634311173395
1852.0,ppb,ch4,-66.73333333333333,112.83333333333331,median,780.2059759761323
1853.0,ppb,ch4,-66.73333333333333,112.83333333333331,median,780.9739861192065
1854.0,ppb,ch4,-66.73333333333333,112.83333333333331,median,781.9571819806879
1855.0,ppb,ch4,-66.73333333333333,112.83333333333331,median,783.3647561074176
1856.0,ppb,ch4,-66.73333333333333,112.83333333333331,median,785.0029651559016
1857.0,ppb,ch4,-66.73333333333333,112.83333333333331,median,786.5698400742258
1858.0,ppb,ch4,-66.73333333333333,112.83333333333331,median,788.4969533615222
1859.0,ppb,ch4,-66.73333333333333,112.83333333333331,median,790.5816159959868
1860.0,ppb,ch4,-66.73333333333333,112.83333333333331,median,792.8085084062768
1861.0,ppb,ch4,-66.73333333333333,112.83333333333331,median,795.4085279187057
1862.0,ppb,ch4,-66.73333333333333,112.83333333333331,median,797.7447290207056
1863.0,ppb,ch4,-66.73333333333333,112.83333333333331,median,800.5870768140121
1864.0,ppb,ch4,-66.73333333333333,112.83333333333331,median,803.6566955844739
1865.0,ppb,ch4,-66.73333333333333,112.83333333333331,median,806.7179211876282
1866.0,ppb,ch4,-66.73333333333333,112.83333333333331,median,810.0918098815309
1867.0,ppb,ch4,-66.73333333333333,112.83333333333331,median,813.266643773808
1868.0,ppb,ch4,-66.73333333333333,112.83333333333331,median,815.7117141277558
1869.0,ppb,ch4,-66.73333333333333,112.83333333333331,median,817.5848318848293
1870.0,ppb,ch4,-66.73333333333333,112.83333333333331,median,819.4878947104153
1871.0,ppb,ch4,-66.73333333333333,112.83333333333331,median,821.5362792448213
1872.0,ppb,ch4,-66.73333333333333,112.83333333333331,median,823.3393371348502
1873.0,ppb,ch4,-66.73333333333333,112.83333333333331,median,825.1559421035399
1874.0,ppb,ch4,-66.73333333333333,112.83333333333331,median,826.904589743528
1875.0,ppb,ch4,-66.73333333333333,112.83333333333331,median,828.3573613395929
1876.0,ppb,ch4,-66.73333333333333,112.83333333333331,median,829.7776064113887
1877.0,ppb,ch4,-66.73333333333333,112.83333333333331,median,831.1102836538994
1878.0,ppb,ch4,-66.73333333333333,112.83333333333331,median,832.2604855569352
1879.0,ppb,ch4,-66.73333333333333,112.83333333333331,median,833.4014689457906
1880.0,ppb,ch4,-66.73333333333333,112.83333333333331,median,834.6833827485561
1881.0,ppb,ch4,-66.73333333333333,112.83333333333331,median,836.069307567619
1882.0,ppb,ch4,-66.73333333333333,112.83333333333331,median,837.37234907323
1883.0,ppb,ch4,-66.73333333333333,112.83333333333331,median,838.8653445012897
1884.0,ppb,ch4,-66.73333333333333,112.83333333333331,median,840.582090978307
1885.0,ppb,ch4,-66.73333333333333,112.83333333333331,median,842.3243149524496
1886.0,ppb,ch4,-66.73333333333333,112.83333333333331,median,844.1156018184265
1887.0,ppb,ch4,-66.73333333333333,112.83333333333331,median,845.9807099600148
1888.0,ppb,ch4,-66.73333333333333,112.83333333333331,median,848.5566338512144
1889.0,ppb,ch4,-66.73333333333333,112.83333333333331,median,851.9984798528787
1890.0,ppb,ch4,-66.73333333333333,112.83333333333331,median,854.0778491085948
1891.0,ppb,ch4,-66.73333333333333,112.83333333333331,median,855.8806111142767
1892.0,ppb,ch4,-66.73333333333333,112.83333333333331,median,857.8971859400153
1893.0,ppb,ch4,-66.73333333333333,112.83333333333331,median,860.1579120030801
1894.0,ppb,ch4,-66.73333333333333,112.83333333333331,median,862.6850265062934
1895.0,ppb,ch4,-66.73333333333333,112.83333333333331,median,865.3098048036336
1896.0,ppb,ch4,-66.73333333333333,112.83333333333331,median,867.8785391276178
1897.0,ppb,ch4,-66.73333333333333,112.83333333333331,median,869.3585527553478
1898.0,ppb,ch4,-66.73333333333333,112.83333333333331,median,870.2677520028446
1899.0,ppb,ch4,-66.73333333333333,112.83333333333331,median,871.8651285919186
1900.0,ppb,ch4,-66.73333333333333,112.83333333333331,median,873.7245826926664
1901.0,ppb,ch4,-66.73333333333333,112.83333333333331,median,875.5104783897987
1902.0,ppb,ch4,-66.73333333333333,112.83333333333331,median,878.667618076608
1903.0,ppb,ch4,-66.73333333333333,112.83333333333331,median,882.4695205668395
1904.0,ppb,ch4,-66.73333333333333,112.83333333333331,median,887.2360747880302
1905.0,ppb,ch4,-66.73333333333333,112.83333333333331,median,892.1225126606878
1906.0,ppb,ch4,-66.73333333333333,112.83333333333331,median,897.245405995186
1907.0,ppb,ch4,-66.73333333333333,112.83333333333331,median,900.4787412188525
1908.0,ppb,ch4,-66.73333333333333,112.83333333333331,median,904.1807170565226
1909.0,ppb,ch4,-66.73333333333333,112.83333333333331,median,908.7143033448374
1910.0,ppb,ch4,-66.73333333333333,112.83333333333331,median,913.5232091000071
1911.0,ppb,ch4,-66.73333333333333,112.83333333333331,median,919.0551599895261
1912.0,ppb,ch4,-66.73333333333333,112.83333333333331,median,924.841046049453
1913.0,ppb,ch4,-66.73333333333333,112.83333333333331,median,930.4520079779759
1914.0,ppb,ch4,-66.73333333333333,112.83333333333331,median,935.0720946245419
1915.0,ppb,ch4,-66.73333333333333,112.83333333333331,median,940.0063685975256
1916.0,ppb,ch4,-66.73333333333333,112.83333333333331,median,945.4216114880837
1917.0,ppb,ch4,-66.73333333333333,112.83333333333331,median,951.4553461609758
1918.0,ppb,ch4,-66.73333333333333,112.83333333333331,median,957.6093481199787
1919.0,ppb,ch4,-66.73333333333333,112.83333333333331,median,962.6388353783523
1920.0,ppb,ch4,-66.73333333333333,112.83333333333331,median,969.0660060642404
1921.0,ppb,ch4,-66.73333333333333,112.83333333333331,median,976.0938268105383
1922.0,ppb,ch4,-66.73333333333333,112.83333333333331,median,982.0956505399081
1923.0,ppb,ch4,-66.73333333333333,112.83333333333331,median,988.8201162472833
1924.0,ppb,ch4,-66.73333333333333,112.83333333333331,median,994.1957227068488
1925.0,ppb,ch4,-66.73333333333333,112.83333333333331,median,998.3291775370826
1926.0,ppb,ch4,-66.73333333333333,112.83333333333331,median,1003.4429238841403
1927.0,ppb,ch4,-66.73333333333333,112.83333333333331,median,1007.2483376356831
1928.0,ppb,ch4,-66.73333333333333,112.83333333333331,median,1010.7062179700006
1929.0,ppb,ch4,-66.73333333333333,112.83333333333331,median,1016.1633024921175
1930.0,ppb,ch4,-66.73333333333333,112.83333333333331,median,1022.5856065257904
1931.0,ppb,ch4,-66.73333333333333,112.83333333333331,median,1028.1611606587612
1932.0,ppb,ch4,-66.73333333333333,112.83333333333331,median,1033.8386210350873
1933.0,ppb,ch4,-66.73333333333333,112.83333333333331,median,1039.59830286738
1934.0,ppb,ch4,-66.73333333333333,112.83333333333331,median,1044.5228088520234
1935.0,ppb,ch4,-66.73333333333333,112.83333333333331,median,1049.4896912073068
1936.0,ppb,ch4,-66.73333333333333,112.83333333333331,median,1055.0743732581518
1937.0,ppb,ch4,-66.73333333333333,112.83333333333331,median,1060.0235633178381
1938.0,ppb,ch4,-66.73333333333333,112.83333333333331,median,1065.0615640312253
1939.0,ppb,ch4,-66.73333333333333,112.83333333333331,median,1069.3721481751418
1940.0,ppb,ch4,-66.73333333333333,112.83333333333331,median,1072.3285789403017
1941.0,ppb,ch4,-66.73333333333333,112.83333333333331,median,1076.4389298615279
1942.0,ppb,ch4,-66.73333333333333,112.83333333333331,median,1080.3462853946444
1943.0,ppb,ch4,-66.73333333333333,112.83333333333331,median,1083.9830190768116
1944.0,ppb,ch4,-66.73333333333333,112.83333333333331,median,1088.0589515620704
1945.0,ppb,ch4,-66.73333333333333,112.83333333333331,median,1092.4699363848254
1946.0,ppb,ch4,-66.73333333333333,112.83333333333331,median,1097.0861439225846
1947.0,ppb,ch4,-66.73333333333333,112.83333333333331,median,1102.187664363284
1948.0,ppb,ch4,-66.73333333333333,112.83333333333331,median,1105.4764437109698
1949.0,ppb,ch4,-66.73333333333333,112.83333333333331,median,1111.0432518684538
1950.0,ppb,ch4,-66.73333333333333,112.83333333333331,median,1115.6792898389976
1951.0,ppb,ch4,-66.73333333333333,112.83333333333331,median,1120.5530896518612
1952.0,ppb,ch4,-66.73333333333333,112.83333333333331,median,1127.6354986182414
1953.0,ppb,ch4,-66.73333333333333,112.83333333333331,median,1136.4326061001047
1954.0,ppb,ch4,-66.73333333333333,112.83333333333331,median,1147.029663851019
1955.0,ppb,ch4,-66.73333333333333,112.83333333333331,median,1158.6474857053254
1956.0,ppb,ch4,-66.73333333333333,112.83333333333331,median,1172.2973434003216
1957.0,ppb,ch4,-66.73333333333333,112.83333333333331,median,1184.5599753794959
1958.0,ppb,ch4,-66.73333333333333,112.83333333333331,median,1193.9307167626685
1959.0,ppb,ch4,-66.73333333333333,112.83333333333331,median,1201.3190979727078
1960.0,ppb,ch4,-66.73333333333333,112.83333333333331,median,1211.7356281920802
1961.0,ppb,ch4,-66.73333333333333,112.83333333333331,median,1223.1242913892493
1962.0,ppb,ch4,-66.73333333333333,112.83333333333331,median,1236.8492924680468
1963.0,ppb,ch4,-66.73333333333333,112.83333333333331,median,1251.1560282147257
1964.0,ppb,ch4,-66.73333333333333,112.83333333333331,median,1264.501290107204
1965.0,ppb,ch4,-66.73333333333333,112.83333333333331,median,1279.4740447534714
1966.0,ppb,ch4,-66.73333333333333,112.83333333333331,median,1294.3801728523104
1967.0,ppb,ch4,-66.73333333333333,112.83333333333331,median,1308.2052159893792
1968.0,ppb,ch4,-66.73333333333333,112.83333333333331,median,1323.1349359264132
1969.0,ppb,ch4,-66.73333333333333,112.83333333333331,median,1342.6540544817108
1970.0,ppb,ch4,-66.73333333333333,112.83333333333331,median,1359.7260053411155
1971.0,ppb,ch4,-66.73333333333333,112.83333333333331,median,1377.499145830574
1972.0,ppb,ch4,-66.73333333333333,112.83333333333331,median,1394.5022635182104
1973.0,ppb,ch4,-66.73333333333333,112.83333333333331,median,1408.846317061063
1974.0,ppb,ch4,-66.73333333333333,112.83333333333331,median,1425.6843950464172
1975.0,ppb,ch4,-66.73333333333333,112.83333333333331,median,1442.569149395982
1976.0,ppb,ch4,-66.73333333333333,112.83333333333331,median,1459.11185251375
1977.0,ppb,ch4,-66.73333333333333,112.83333333333331,median,1475.7438605433845
1978.0,ppb,ch4,-66.73333333333333,112.83333333333331,median,1493.410004556601
1979.0,ppb,ch4,-66.73333333333333,112.83333333333331,median,1510.9465327210783
1980.0,ppb,ch4,-66.73333333333333,112.83333333333331,median,1529.7114591679783
1981.0,ppb,ch4,-66.73333333333333,112.83333333333331,median,1547.0149545733584
1982.0,ppb,ch4,-66.73333333333333,112.83333333333331,median,1562.83848423959
1983.0,ppb,ch4,-66.73333333333333,112.83333333333331,median,1579.046718156198
1984.0,ppb,ch4,-66.73333333333333,112.83333333333331,median,1594.4392278436571
1985.0,ppb,ch4,-66.73333333333333,112.83333333333331,median,1609.1725368180778
1986.0,ppb,ch4,-66.73333333333333,112.83333333333331,median,1623.5829462708207
1987.0,ppb,ch4,-66.73333333333333,112.83333333333331,median,1636.8870344276074
1988.0,ppb,ch4,-66.73333333333333,112.83333333333331,median,1648.6337060499936
1989.0,ppb,ch4,-66.73333333333333,112.83333333333331,median,1659.515069625806
1990.0,ppb,ch4,-66.73333333333333,112.83333333333331,median,1667.1870631590718
1991.0,ppb,ch4,-66.73333333333333,112.83333333333331,median,1675.5675577116199
1992.0,ppb,ch4,-66.73333333333333,112.83333333333331,median,1683.069977266714
1993.0,ppb,ch4,-66.73333333333333,112.83333333333331,median,1689.4441323364154
1994.0,ppb,ch4,-66.73333333333333,112.83333333333331,median,1695.4768814579584
1995.0,ppb,ch4,-66.73333333333333,112.83333333333331,median,1700.8025462138921
1996.0,ppb,ch4,-66.73333333333333,112.83333333333331,median,1705.8237435537158
1997.0,ppb,ch4,-66.73333333333333,112.83333333333331,median,1711.1413739923737
